Sample text inputs : Barcode #
"0CF104"

Results Table 2
,Load-Deflection Slope,Modulus (Automatic Young's),Maximum Load,Displacment at Max Force,Notes,BREAK TYPE
,(N/mm),(MPa),(N),(mm),,
1,"2.39","62111.65","10.58","5.16","","CRUSHED"
2,"2.40","57179.96","8.65","4.58","","CRUSHED"
3,"1.20","27125.36","3.99","4.08","","CRUSHED"
4,"1.27","28682.46","4.88","4.70","","CRUSHED"
5,"2.49","72411.04","10.62","4.16","","CRUSHED"
6,"2.01","63300.89","10.67","5.18","","CRUSHED"
7,"2.71","78013.81","11.43","5.02","","CRUSHED"
8,"1.80","58895.40","10.26","5.33","","CRUSHED"
9,"1.01","27583.76","4.71","5.06","","CRUSHED"
