Modulus (Auto Young's) disclaimer,Stiffness assessment
"Modulus (Auto Young's) [N/mm^2] is calculated from the Auto Slope [N/mm] and assumed specimen dimensions of 3 mm OD, 0.4 mm wall thickness, 8 mm height/span.","For stiffness, nine different slopes of the elastic region are assessed and recorded: Loading and unloading for all four cycles, and Bluehill's built in automatic Young's assessment. During post processing of the experimental data, use the "Stiffness slope choice" to determine which to use. An exception to this is when the Sample Note says otherwise or when the  says otherwise, for previous methods. If no note and no choice, assume 2nd lowest slope."

Results Table 1
,Modulus (Automatic Young's),Auto Slope,Slope 1 Up,Slope 2 Up,Slope 3 Up,Slope 4 Up,Slope 1 Down,Slope 2 Down,Slope 3 Down,Slope 4 Down,Yield Point,Maximum Force,Crop Type,Collection Year,Collection Location,Break type,Stiffness slope choice,Specimen Note
,(N/mm^2),(N/mm),(N/mm),(N/mm),(N/mm),(N/mm),(N/mm),(N/mm),(N/mm),(N/mm),(N),(N),,,,,,
1,"1.3824","1.5055","1.5241","1.5200","1.5400","-----","1.5527","1.5717","1.5319","1.5613","7.4374","7.4374","Wheat","2021","Baldus Rd","Crush","Auto slope",""
2,"2.1545","2.3464","2.1148","2.1044","2.0923","-----","2.1740","2.1270","2.1636","2.1483","7.0859","9.3265","Wheat","2021","Baldus Rd","Snap","Auto slope",""
3,"2.0297","2.2105","2.0333","2.0644","2.1065","-----","2.0915","2.0856","2.1195","2.1183","7.4191","9.5244","Wheat","2021","Baldus Rd","Crush","Auto slope","Node slipped from anvil, forcing a crush."
4,"1.6034","1.7462","1.6926","1.7145","1.7259","-----","1.7257","1.7523","1.7633","1.7301","7.7999","7.7999","Wheat","2021","Baldus Rd","Splinter","Auto slope",""
5,"1.9279","2.0996","2.1683","2.0666","2.0678","-----","2.0478","2.0971","2.0826","2.1373","9.6539","9.6539","Wheat","2021","Baldus Rd","Splinter","Auto slope",""
6,"1.0181","1.1088","1.0911","1.1127","1.1191","-----","1.0988","1.1061","1.1065","1.1067","4.3394","4.3394","Wheat","2021","Baldus Rd","Snap","Auto slope",""
7,"1.1145","1.2138","1.2985","1.2903","1.2642","-----","1.2802","1.2848","1.2820","1.2715","5.8083","5.8083","Wheat","2021","Baldus Rd","Snap","Auto slope",""
8,"1.5932","1.7352","1.6908","1.6783","1.7000","-----","1.7606","1.7550","1.7799","1.7766","6.3903","6.6468","Wheat","2021","Baldus Rd","Snap","Auto slope",""
9,"1.0379","1.1304","1.1364","1.1216","1.1153","-----","1.1092","1.1057","1.1079","1.1151","5.3992","5.3992","Wheat","2021","Baldus Rd","Crush","Auto slope",""
10,"0.9357","1.0190","1.0429","1.0475","1.0542","-----","1.0617","1.0384","1.0345","1.0419","5.5308","5.5308","Wheat","2021","Baldus Rd","Snap","Auto slope",""
