diameters_cell1(mm),diameters_cell2(mm),diameters_cell3(mm),diameters_cell4(mm),diameters_cell5(mm),diameters_cell6(mm),diameters_cell7(mm),diameters_cell8(mm),diameters_cell9(mm),mass_cell1(g),mass_cell2(g),mass_cell3(g),mass_cell4(g),mass_cell5(g),mass_cell6(g),mass_cell7(g),mass_cell8(g),mass_cell9(g),count_cell1,count_cell2,count_cell3,count_cell4,count_cell5,count_cell6,count_cell7,count_cell8,count_cell9
3.34,3.22,2.87,2.52,3.3,2.78,3.41,3.3,2.73,0.0,0.0,0.0,0.0,0.0,0.0,0.0,0.0,0.0,55.0,54.0,65.0,63.0,61.0,65.0,72.0,35.0,46.0
2.5,2.84,2.63,3.04,3.12,2.84,3.11,3.22,2.62,,,,,,,,,,,,,,,,,,
2.99,3.17,3.85,3.45,2.8,2.92,3.08,3.89,3.48,,,,,,,,,,,,,,,,,,
3.52,3.54,3.75,3.04,3.5,3.03,2.79,3.86,3.82,,,,,,,,,,,,,,,,,,
