diameters_cell1(mm),diameters_cell2(mm),diameters_cell3(mm),diameters_cell4(mm),diameters_cell5(mm),diameters_cell6(mm),diameters_cell7(mm),diameters_cell8(mm),diameters_cell9(mm),mass_cell1(g),mass_cell2(g),mass_cell3(g),mass_cell4(g),mass_cell5(g),mass_cell6(g),mass_cell7(g),mass_cell8(g),mass_cell9(g),count_cell1,count_cell2,count_cell3,count_cell4,count_cell5,count_cell6,count_cell7,count_cell8,count_cell9
3.33,3.79,3.73,3.91,3.72,3.92,3.78,3.2,3.42,0.0,0.0,0.0,0.0,0.0,0.0,0.0,0.0,0.0,58.0,46.0,56.0,69.0,67.0,59.0,84.0,53.0,74.0
3.81,3.57,3.48,3.64,3.34,3.08,2.97,4.38,4.05,,,,,,,,,,,,,,,,,,
4.12,3.8,2.73,3.83,3.76,3.34,3.25,2.78,4.28,,,,,,,,,,,,,,,,,,
3.42,4.0,4.45,3.7,3.6,3.48,3.58,3.42,3.36,,,,,,,,,,,,,,,,,,
