diameters_cell1(mm),diameters_cell2(mm),diameters_cell3(mm),diameters_cell4(mm),diameters_cell5(mm),diameters_cell6(mm),diameters_cell7(mm),diameters_cell8(mm),diameters_cell9(mm),mass_cell1(g),mass_cell2(g),mass_cell3(g),mass_cell4(g),mass_cell5(g),mass_cell6(g),mass_cell7(g),mass_cell8(g),mass_cell9(g),count_cell1,count_cell2,count_cell3,count_cell4,count_cell5,count_cell6,count_cell7,count_cell8,count_cell9
3.48,3.74,3.0,3.39,3.43,3.97,2.12,3.89,4.09,0.0,0.0,0.0,0.0,0.0,0.0,0.0,0.0,0.0,65.0,60.0,60.0,63.0,79.0,46.0,62.0,67.0,47.0
3.55,3.58,2.91,3.51,3.43,3.25,3.85,2.96,3.29,,,,,,,,,,,,,,,,,,
3.33,3.29,4.22,3.3,3.63,3.82,3.51,3.92,4.03,,,,,,,,,,,,,,,,,,
4.27,3.44,4.46,3.55,3.46,3.45,3.72,2.94,3.83,,,,,,,,,,,,,,,,,,
