diameters_cell1(mm),diameters_cell2(mm),diameters_cell3(mm),diameters_cell4(mm),diameters_cell5(mm),diameters_cell6(mm),diameters_cell7(mm),diameters_cell8(mm),diameters_cell9(mm),mass_cell1(g),mass_cell2(g),mass_cell3(g),mass_cell4(g),mass_cell5(g),mass_cell6(g),mass_cell7(g),mass_cell8(g),mass_cell9(g),count_cell1,count_cell2,count_cell3,count_cell4,count_cell5,count_cell6,count_cell7,count_cell8,count_cell9
3.26,4.09,4.31,3.66,4.44,3.78,3.75,3.66,3.22,58.0,0.0,0.0,0.0,0.0,0.0,0.0,0.0,0.0,58.0,49.0,42.0,60.0,63.0,72.0,60.0,59.0,53.0
3.45,3.39,4.09,3.6,3.95,4.18,3.69,3.5,3.89,,,,,,,,,,,,,,,,,,
3.52,4.1,3.38,3.86,4.5,3.54,4.14,3.42,3.61,,,,,,,,,,,,,,,,,,
2.73,3.54,3.39,3.06,3.57,3.38,3.49,3.47,3.28,,,,,,,,,,,,,,,,,,
