diameters_cell1(mm),diameters_cell2(mm),diameters_cell3(mm),diameters_cell4(mm),diameters_cell5(mm),diameters_cell6(mm),diameters_cell7(mm),diameters_cell8(mm),diameters_cell9(mm),mass_cell1(g),mass_cell2(g),mass_cell3(g),mass_cell4(g),mass_cell5(g),mass_cell6(g),mass_cell7(g),mass_cell8(g),mass_cell9(g),count_cell1,count_cell2,count_cell3,count_cell4,count_cell5,count_cell6,count_cell7,count_cell8,count_cell9
3.37,3.59,4.2,4.2,3.72,3.55,3.24,3.45,4.01,0.0,0.0,0.0,0.0,0.0,0.0,0.0,0.0,0.0,50.0,69.0,58.0,55.0,56.0,62.0,57.0,69.0,77.0
3.52,3.33,3.63,3.35,2.85,3.97,3.26,2.88,3.63,,,,,,,,,,,,,,,,,,
3.1,3.43,4.05,3.64,3.19,3.22,3.24,3.77,4.15,,,,,,,,,,,,,,,,,,
3.55,3.05,3.8,2.8,3.46,4.13,3.69,3.74,4.22,,,,,,,,,,,,,,,,,,
