diameters_cell1(mm),diameters_cell2(mm),diameters_cell3(mm),diameters_cell4(mm),diameters_cell5(mm),diameters_cell6(mm),diameters_cell7(mm),diameters_cell8(mm),diameters_cell9(mm),mass_cell1(g),mass_cell2(g),mass_cell3(g),mass_cell4(g),mass_cell5(g),mass_cell6(g),mass_cell7(g),mass_cell8(g),mass_cell9(g),count_cell1,count_cell2,count_cell3,count_cell4,count_cell5,count_cell6,count_cell7,count_cell8,count_cell9
3.46,0.0,0.0,3.43,0.0,0.0,2.95,0.0,0.0,0.0,0.0,0.0,0.0,0.0,0.0,0.0,0.0,0.0,71.0,0.0,0.0,70.0,0.0,0.0,80.0,0.0,0.0
3.25,0.0,0.0,3.5,0.0,0.0,3.15,0.0,0.0,,,,,,,,,,,,,,,,,,
3.72,0.0,0.0,3.45,0.0,0.0,3.38,0.0,0.0,,,,,,,,,,,,,,,,,,
2.87,0.0,0.0,2.68,0.0,0.0,3.37,0.0,0.0,,,,,,,,,,,,,,,,,,
