diameters_cell1(mm),diameters_cell2(mm),diameters_cell3(mm),diameters_cell4(mm),diameters_cell5(mm),diameters_cell6(mm),diameters_cell7(mm),diameters_cell8(mm),diameters_cell9(mm),mass_cell1(g),mass_cell2(g),mass_cell3(g),mass_cell4(g),mass_cell5(g),mass_cell6(g),mass_cell7(g),mass_cell8(g),mass_cell9(g),count_cell1,count_cell2,count_cell3,count_cell4,count_cell5,count_cell6,count_cell7,count_cell8,count_cell9
3.39,0.0,0.0,3.78,0.0,0.0,3.66,0.0,0.0,0.0,0.0,0.0,0.0,0.0,0.0,0.0,0.0,0.0,72.0,0.0,0.0,23.0,0.0,0.0,76.0,0.0,0.0
3.44,0.0,0.0,3.41,0.0,0.0,3.57,0.0,0.0,,,,,,,,,,,,,,,,,,
3.73,0.0,0.0,3.77,0.0,0.0,3.57,0.0,0.0,,,,,,,,,,,,,,,,,,
3.18,0.0,0.0,3.4,0.0,0.0,3.21,0.0,0.0,,,,,,,,,,,,,,,,,,
