diameters_cell1(mm),diameters_cell2(mm),diameters_cell3(mm),diameters_cell4(mm),diameters_cell5(mm),diameters_cell6(mm),diameters_cell7(mm),diameters_cell8(mm),diameters_cell9(mm),mass_cell1(g),mass_cell2(g),mass_cell3(g),mass_cell4(g),mass_cell5(g),mass_cell6(g),mass_cell7(g),mass_cell8(g),mass_cell9(g),count_cell1,count_cell2,count_cell3,count_cell4,count_cell5,count_cell6,count_cell7,count_cell8,count_cell9
3.2,0.0,0.0,2.46,0.0,0.0,2.66,0.0,0.0,0.0,0.0,0.0,0.0,0.0,0.0,0.0,0.0,0.0,54.0,0.0,0.0,49.0,0.0,0.0,70.0,0.0,0.0
3.51,0.0,0.0,3.31,0.0,0.0,3.16,0.0,0.0,,,,,,,,,,,,,,,,,,
3.46,0.0,0.0,3.21,0.0,0.0,3.65,0.0,0.0,,,,,,,,,,,,,,,,,,
3.03,0.0,0.0,3.23,0.0,0.0,3.39,0.0,0.0,,,,,,,,,,,,,,,,,,
