diameters_cell1(mm),diameters_cell2(mm),diameters_cell3(mm),diameters_cell4(mm),diameters_cell5(mm),diameters_cell6(mm),diameters_cell7(mm),diameters_cell8(mm),diameters_cell9(mm),mass_cell1(g),mass_cell2(g),mass_cell3(g),mass_cell4(g),mass_cell5(g),mass_cell6(g),mass_cell7(g),mass_cell8(g),mass_cell9(g),count_cell1,count_cell2,count_cell3,count_cell4,count_cell5,count_cell6,count_cell7,count_cell8,count_cell9
3.68,3.57,3.76,2.91,3.6,3.35,3.09,3.77,2.79,0.0,0.0,0.0,0.0,0.0,0.0,0.0,0.0,0.0,13.0,24.0,33.0,28.0,34.0,23.0,36.0,21.0,24.0
3.19,3.7,3.5,3.04,3.89,3.85,3.6,2.95,2.86,,,,,,,,,,,,,,,,,,
3.6,2.91,3.26,2.83,3.1,2.98,2.77,2.92,4.05,,,,,,,,,,,,,,,,,,
2.75,3.41,3.53,3.52,3.54,3.37,3.56,2.71,3.29,,,,,,,,,,,,,,,,,,
