diameters_cell1(mm),diameters_cell2(mm),diameters_cell3(mm),diameters_cell4(mm),diameters_cell5(mm),diameters_cell6(mm),diameters_cell7(mm),diameters_cell8(mm),diameters_cell9(mm),mass_cell1(g),mass_cell2(g),mass_cell3(g),mass_cell4(g),mass_cell5(g),mass_cell6(g),mass_cell7(g),mass_cell8(g),mass_cell9(g),count_cell1,count_cell2,count_cell3,count_cell4,count_cell5,count_cell6,count_cell7,count_cell8,count_cell9
2.95,2.66,3.06,2.94,2.76,3.57,3.09,3.38,3.55,0.0,0.0,0.0,0.0,0.0,0.0,0.0,0.0,0.0,84.0,80.0,72.0,65.0,53.0,82.0,45.0,69.0,57.0
3.16,3.1,4.13,3.61,3.11,4.06,4.24,3.65,4.28,,,,,,,,,,,,,,,,,,
3.42,3.67,3.34,4.22,3.56,2.93,3.38,3.24,3.46,,,,,,,,,,,,,,,,,,
3.43,2.58,3.13,3.29,3.81,3.54,3.44,3.64,3.4,,,,,,,,,,,,,,,,,,
