diameters_cell1(mm),diameters_cell2(mm),diameters_cell3(mm),diameters_cell4(mm),diameters_cell5(mm),diameters_cell6(mm),diameters_cell7(mm),diameters_cell8(mm),diameters_cell9(mm),mass_cell1(g),mass_cell2(g),mass_cell3(g),mass_cell4(g),mass_cell5(g),mass_cell6(g),mass_cell7(g),mass_cell8(g),mass_cell9(g),count_cell1,count_cell2,count_cell3,count_cell4,count_cell5,count_cell6,count_cell7,count_cell8,count_cell9
3.32,0.0,0.0,3.75,0.0,0.0,4.1,0.0,0.0,0.0,0.0,0.0,0.0,0.0,0.0,0.0,0.0,0.0,66.0,0.0,0.0,56.0,0.0,0.0,80.0,0.0,0.0
3.72,0.0,0.0,3.26,0.0,0.0,3.95,0.0,0.0,,,,,,,,,,,,,,,,,,
3.9,0.0,0.0,3.17,0.0,0.0,3.98,0.0,0.0,,,,,,,,,,,,,,,,,,
2.6,0.0,0.0,3.63,0.0,0.0,3.4,0.0,0.0,,,,,,,,,,,,,,,,,,
