diameters_cell1(mm),diameters_cell2(mm),diameters_cell3(mm),diameters_cell4(mm),diameters_cell5(mm),diameters_cell6(mm),diameters_cell7(mm),diameters_cell8(mm),diameters_cell9(mm),mass_cell1(g),mass_cell2(g),mass_cell3(g),mass_cell4(g),mass_cell5(g),mass_cell6(g),mass_cell7(g),mass_cell8(g),mass_cell9(g),count_cell1,count_cell2,count_cell3,count_cell4,count_cell5,count_cell6,count_cell7,count_cell8,count_cell9
0.0,2.83,3.11,0.0,2.77,3.5,0.0,3.31,3.14,0.0,0.0,0.0,0.0,0.0,0.0,0.0,0.0,0.0,0.0,60.0,34.0,0.0,35.0,41.0,0.0,50.0,32.0
0.0,2.88,3.27,0.0,2.84,4.91,0.0,3.2,3.5,,,,,,,,,,,,,,,,,,
0.0,3.88,3.27,0.0,3.22,3.77,0.0,3.09,3.2,,,,,,,,,,,,,,,,,,
0.0,2.94,3.47,0.0,2.2,3.18,0.0,3.94,3.58,,,,,,,,,,,,,,,,,,
