Sample text inputs : Barcode #
"0CF104"

Results Table 2
,Load-Deflection Slope,Modulus (Automatic Young's),Maximum Load,Displacment at Max Force,Notes,BREAK TYPE
,(N/mm),(MPa),(N),(mm),,
1,"1.35","35647.02","6.03","5.26","","CRUSHED"
2,"1.55","41229.91","7.14","5.34","","CRUSHED"
3,"2.69","59005.64","7.95","3.80","","CRUSHED"
4,"2.31","62118.69","9.42","5.07","","CRUSHED"
5,"1.49","43022.00","6.66","4.40","","CRUSHED"
6,"2.58","59312.14","8.91","4.84","","CRUSHED"
7,"0.75","22661.53","3.97","5.00","","CRUSHED"
8,"0.91","21147.02","3.79","5.64","","CRUSHED"
9,"2.50","63479.68","9.48","4.48","","CRUSHED"
