Sample text inputs : Barcode #
"0CF112"

Results Table 2
,Load-Deflection Slope,Modulus (Automatic Young's),Maximum Load,Displacment at Max Force,Notes,BREAK TYPE
,(N/mm),(MPa),(N),(mm),,
1,"2.92","74382.16","11.60","5.36","","CRUSHED"
2,"1.63","37347.66","5.60","4.04","","CRUSHED"
3,"2.49","59773.96","8.86","4.10","","CRUSHED"
4,"3.21","72012.16","9.86","4.18","Snapped mid-node","SNAPPED"
5,"2.24","49527.88","7.87","4.32","","CRUSHED"
6,"2.12","49365.95","8.17","4.64","","CRUSHED"
7,"3.03","70489.55","11.52","4.98","","CRUSHED"
8,"1.75","42717.72","7.04","4.80","","CRUSHED"
