Sample text inputs : Barcode #
"0CF115"

Results Table 2
,Load-Deflection Slope,Modulus (Automatic Young's),Maximum Load,Displacment at Max Force,Notes,BREAK TYPE
,(N/mm),(MPa),(N),(mm),,
1,"3.40","81182.88","11.16","4.26","Snapped just above node","SNAPPED"
2,"2.76","61221.86","7.27","3.56","","CRUSHED"
3,"2.11","47259.64","7.37","4.62","","CRUSHED"
4,"2.37","59210.59","9.80","4.84","","CRUSHED"
5,"3.16","70356.27","11.25","4.30","Snapped just below node","SNAPPED"
6,"2.10","55272.86","8.47","3.96","","CRUSHED"
7,"3.79","100046.63","14.42","4.32","Snapped just below node","SNAPPED"
8,"3.22","88140.44","12.41","3.90","","CRUSHED"
