Sample text inputs : Barcode #
"0CF102"

Results Table 2
,Load-Deflection Slope,Modulus (Automatic Young's),Maximum Load,Displacment at Max Force,Notes,BREAK TYPE
,(N/mm),(MPa),(N),(mm),,
1,"4.36","98526.12","12.09","3.96","","CRUSHED"
2,"2.24","51233.32","7.06","4.12","","CRUSHED"
3,"2.72","72503.91","12.19","4.58","","CRUSHED"
4,"1.57","35327.45","5.50","4.10","","CRUSHED"
5,"1.54","33929.37","4.11","3.56","","CRUSHED"
6,"3.40","91989.19","12.61","3.88","Snapped just above node","SNAPPED"
7,"3.33","75637.04","8.85","3.66","","CRUSHED"
8,"1.89","51558.58","8.38","4.74","","CRUSHED"
