Sample text inputs : Barcode #
"0CF201"

Results Table 2
,Load-Deflection Slope,Modulus (Automatic Young's),Maximum Load,Displacment at Max Force,Notes,BREAK TYPE
,(N/mm),(MPa),(N),(mm),,
1,"2.59","64310.22","9.51","4.40","","CRUSHED"
2,"1.48","35287.12","5.81","4.82","","CRUSHED"
3,"1.47","32749.65","4.58","3.84","","CRUSHED"
4,"2.26","51386.46","6.22","3.36","","CRUSHED"
5,"1.56","49828.81","8.37","5.58","","CRUSHED"
6,"1.60","43703.04","7.53","5.86","","CRUSHED"
7,"1.99","42942.54","6.34","5.30","","CRUSHED"
8,"3.29","73544.29","7.44","2.92","","CRUSHED"
