Sample text inputs : Barcode #
"0CF204"

Results Table 2
,Load-Deflection Slope,Modulus (Automatic Young's),Maximum Load,Displacment at Max Force,Notes,BREAK TYPE
,(N/mm),(MPa),(N),(mm),,
1,"3.95","87577.61","9.70","2.70","","CRUSHED"
2,"1.80","52597.93","8.60","4.66","Snapped above node","SNAPPED"
3,"3.82","102778.75","14.71","4.26","","CRUSHED"
4,"2.39","65121.41","10.61","4.48","","CRUSHED"
5,"3.68","86917.06","12.16","3.82","","CRUSHED"
6,"2.36","58902.30","9.33","4.36","","CRUSHED"
7,"3.66","83796.53","10.36","3.38","","CRUSHED"
8,"3.67","110343.06","11.19","3.22","","CRUSHED"
