Sample text inputs : Barcode #
"0CF317"

Results Table 2
,Load-Deflection Slope,Modulus (Automatic Young's),Maximum Load,Displacment at Max Force,Notes,BREAK TYPE
,(N/mm),(MPa),(N),(mm),,
1,"1.23","27025.64","3.38","3.32","","CRUSHED"
2,"2.20","52915.56","7.76","4.32","","CRUSHED"
3,"4.23","112529.92","13.25","3.44","Snapped mid-node","SNAPPED"
4,"4.00","94799.32","13.12","4.08","","CRUSHED"
5,"2.23","54946.14","5.94","3.62","","CRUSHED"
6,"3.64","87142.58","11.61","4.36","","CRUSHED"
7,"2.84","68268.97","9.19","3.80","","CRUSHED"
8,"1.85","40566.60","4.65","3.28","","CRUSHED"
9,"1.90","41166.65","5.73","3.78","","CRUSHED"
