Sample text inputs : Barcode #
"0CF310"

Results Table 2
,Load-Deflection Slope,Modulus (Automatic Young's),Maximum Load,Displacment at Max Force,Notes,BREAK TYPE
,(N/mm),(MPa),(N),(mm),,
1,"2.34","52104.85","8.58","4.62","","CRUSHED"
2,"-----","74024.01","10.38","4.49","","CRUSHED"
3,"-----","36440.31","5.06","4.59","","CRUSHED"
4,"2.71","60963.16","7.51","3.80","","CRUSHED"
5,"2.90","75493.16","10.60","4.12","","CRUSHED"
6,"2.83","66723.48","7.14","3.58","","CRUSHED"
7,"2.57","62029.50","9.95","4.80","","CRUSHED"
8,"1.36","31659.14","5.26","4.62","Snappde mid-node. This specimen had a smaller diameter than the others.","SNAPPED"
