Sample text inputs : Barcode #
"0CF409"

Results Table 2
,Load-Deflection Slope,Modulus (Automatic Young's),Maximum Load,Displacment at Max Force,Notes,BREAK TYPE
,(N/mm),(MPa),(N),(mm),,
1,"3.79","106491.86","14.40","3.80","Crushed 4 mm below node","CRUSHED"
2,"2.84","79456.54","11.94","4.24","Crushed 4 mm below node","CRUSHED"
3,"3.10","90222.45","13.96","4.82","Snapped just above node","SNAPPED"
4,"1.53","38778.05","7.29","5.11","","CRUSHED"
5,"3.37","72310.30","10.59","4.84","","CRUSHED"
6,"3.00","76114.39","11.09","5.10","Snapped just above node.","SNAPPED"
7,"3.82","84182.51","10.27","3.42","","CRUSHED"
8,"3.62","82224.62","10.41","3.46","","CRUSHED"
