Sample text inputs : Barcode #
"0CF413"

Results Table 2
,Load-Deflection Slope,Modulus (Automatic Young's),Maximum Load,Displacment at Max Force,Notes,BREAK TYPE
,(N/mm),(MPa),(N),(mm),,
1,"1.42","32438.06","5.50","4.52","","CRUSHED"
2,"2.60","57419.50","5.53","2.76","","CRUSHED"
3,"1.84","40731.34","6.10","4.36","","CRUSHED"
4,"3.37","73239.33","10.46","3.92","","CRUSHED"
5,"1.51","33151.00","4.67","3.94","","CRUSHED"
6,"3.25","78543.26","12.28","4.62","Snapped mid-node","SNAPPED"
7,"2.07","51257.41","8.07","4.34","","CRUSHED"
8,"2.31","53958.99","8.59","4.50","","CRUSHED"
