Sample text inputs : Barcode #
"0CF416"

Results Table 2
,Load-Deflection Slope,Modulus (Automatic Young's),Maximum Load,Displacment at Max Force,Notes,BREAK TYPE
,(N/mm),(MPa),(N),(mm),,
1,"2.95","89521.50","13.43","4.36","","CRUSHED"
2,"3.69","84038.70","12.71","4.14","","CRUSHED"
3,"2.13","56259.95","9.13","4.74","","CRUSHED"
4,"2.89","63811.54","7.97","3.58","","CRUSHED"
5,"2.31","53038.81","9.60","5.26","","CRUSHED"
6,"1.87","49748.10","8.32","4.72","","CRUSHED"
7,"4.08","109669.82","15.88","4.38","","CRUSHED"
8,"3.71","91346.34","13.31","4.72","","CRUSHED"
