Sample text inputs : Barcode #
"0CF410"

Results Table 2
,Load-Deflection Slope,Modulus (Automatic Young's),Maximum Load,Displacment at Max Force,Notes,BREAK TYPE
,(N/mm),(MPa),(N),(mm),,
1,"1.49","34046.81","5.44","4.62","","CRUSHED"
2,"2.18","58458.86","7.84","3.74","","CRUSHED"
3,"2.45","53452.05","7.73","3.98","","CRUSHED"
4,"1.57","37046.60","7.10","5.60","","CRUSHED"
5,"2.48","63983.12","10.31","4.70","","CRUSHED"
6,"1.65","38650.09","6.11","4.68","","CRUSHED"
7,"1.58","40819.14","6.62","4.88","","CRUSHED"
8,"2.53","56342.63","9.03","4.52","","CRUSHED"
