Sample text inputs : Barcode #
"0HW107"

Results Table 2
,Load-Deflection Slope,Modulus (Automatic Young's),Maximum Load,Displacment at Max Force,Notes,BREAK TYPE
,(N/mm),(MPa),(N),(mm),,
1,"1.95","42967.12","7.73","5.42","3 cm above node","CRUSHED"
2,"1.82","42226.64","5.42","3.42","","CRUSHED"
3,"1.50","40015.87","4.67","3.38","","CRUSHED"
4,"1.81","39522.00","6.84","5.22","","CRUSHED"
5,"1.55","37027.08","5.21","3.74","","CRUSHED"
6,"0.73","15894.03","3.01","5.74","","CRUSHED"
7,"1.45","31244.07","5.95","5.78","","CRUSHED"
8,"0.36","7773.00","1.56","5.48","","CRUSHED"
