Sample text inputs : Barcode #
"0HW102"

Results Table 2
,Load-Deflection Slope,Modulus (Automatic Young's),Maximum Load,Displacment at Max Force,Notes,BREAK TYPE
,(N/mm),(MPa),(N),(mm),,
1,"1.16","25880.14","4.24","4.34","","CRUSHED"
2,"1.61","38328.83","5.30","3.85","","CRUSHED"
3,"1.99","60245.56","8.01","3.78","","CRUSHED"
4,"1.77","41121.60","6.08","4.66","","CRUSHED"
5,"2.43","57779.01","6.79","3.14","","CRUSHED"
6,"1.90","49634.60","5.96","3.46","","CRUSHED"
7,"3.26","81638.59","10.60","3.64","Snapped mid-node","SNAPPED"
8,"2.25","58690.92","8.75","4.66","","CRUSHED"
9,"0.90","21767.77","3.53","4.86","","CRUSHED"
10,"0.47","10268.48","2.24","6.52","","CRUSHED"
