Sample text inputs : Barcode #
"0HW110"

Results Table 2
,Load-Deflection Slope,Modulus (Automatic Young's),Maximum Load,Displacment at Max Force,Notes,BREAK TYPE
,(N/mm),(MPa),(N),(mm),,
1,"1.51","52308.05","8.33","5.02","5 mm below node, hourglass (hereafter HG).","CRUSHED"
2,"0.00","54006.03","8.19","5.38","5 mm below node, HG.","CRUSHED"
3,"0.82","19870.43","3.56","4.80","4 mm below node","CRUSHED"
4,"1.05","31696.19","4.80","4.48","","CRUSHED"
5,"0.40","16451.73","3.00","5.42","4 mm below node","CRUSHED"
6,"0.00","17735.69","3.47","6.46","Just above node","SNAPPED"
7,"0.94","26394.07","4.27","4.70","Mid-node","SNAPPED"
8,"0.07","48652.53","7.17","7.14","5mm below node","CRUSHED"
9,"0.44","52520.24","6.73","4.16","Mid-node, crushed.","CRUSHED"
10,"0.32","45092.19","7.06","5.08","Mid-node.","SNAPPED"
11,"0.33","12912.85","2.73","5.76","","<None>"
