Sample text inputs : Barcode #
"0HW213"

Results Table 2
,Load-Deflection Slope,Modulus (Automatic Young's),Maximum Load,Displacment at Max Force,Notes,BREAK TYPE
,(N/mm),(MPa),(N),(mm),,
1,"1.38","32204.08","4.39","3.98","","CRUSHED"
2,"1.04","23856.54","4.52","5.36","","CRUSHED"
3,"1.64","36782.34","4.67","3.42","","CRUSHED"
4,"1.89","53265.46","9.41","5.31","","CRUSHED"
5,"1.64","37963.57","6.32","4.66","","CRUSHED"
6,"1.67","49763.21","7.53","4.34","","CRUSHED"
7,"1.11","27196.69","5.98","6.52","","CRUSHED"
8,"3.00","67172.82","10.70","4.60","","CRUSHED"
9,"2.05","45213.31","5.62","3.48","","CRUSHED"
