Sample text inputs : Barcode #
"0HW206"

Results Table 2
,Load-Deflection Slope,Modulus (Automatic Young's),Maximum Load,Displacment at Max Force,Notes,BREAK TYPE
,(N/mm),(MPa),(N),(mm),,
1,"0.90","30311.62","3.64","4.40","","CRUSHED"
2,"1.19","31555.01","5.04","5.02","","<None>"
3,"2.17","54845.95","8.58","4.60","","CRUSHED"
4,"1.30","28330.82","4.18","4.78","","CRUSHED"
5,"1.04","24402.35","4.02","4.56","","CRUSHED"
6,"1.35","29202.91","4.44","4.07","","<None>"
7,"2.37","57485.77","9.44","5.24","","<None>"
8,"2.64","64499.47","9.87","4.52","","SPLINTERED"
