Sample text inputs : Barcode #
"0HW212"

Results Table 2
,Load-Deflection Slope,Modulus (Automatic Young's),Maximum Load,Displacment at Max Force,Notes,BREAK TYPE
,(N/mm),(MPa),(N),(mm),,
1,"1.48","39841.66","6.65","4.98","","CRUSHED"
2,"1.01","27506.48","4.92","5.44","","CRUSHED"
3,"-----","34767.55","6.30","5.75","","CRUSHED"
4,"0.38","8241.89","1.19","3.84","","CRUSHED"
5,"1.87","43612.70","7.99","5.38","","CRUSHED"
6,"1.07","23407.86","4.12","4.98","","CRUSHED"
7,"2.12","49328.55","7.47","4.14","","CRUSHED"
8,"1.59","36367.92","5.59","4.24","","CRUSHED"
