Sample text inputs : Barcode #
"0HW306"

Results Table 2
,Load-Deflection Slope,Modulus (Automatic Young's),Maximum Load,Displacment at Max Force,Notes,BREAK TYPE
,(N/mm),(MPa),(N),(mm),,
1,"0.93","21383.14","3.71","4.84","Snapped below node, 2mm","SNAPPED"
2,"1.52","41517.10","5.07","3.32","Snappd just above node","SNAPPED"
3,"1.91","42948.53","6.77","4.70","","SNAPPED"
4,"0.76","18976.71","3.56","5.18","","CRUSHED"
5,"2.37","54935.44","8.21","4.18","","CRUSHED"
6,"2.94","66208.71","8.58","3.54","","CRUSHED"
7,"1.87","45440.03","5.68","3.30","","CRUSHED"
8,"1.61","39155.25","5.70","4.00","","CRUSHED"
