Sample text inputs : Barcode #
"0HW318"

Results Table 2
,Load-Deflection Slope,Modulus (Automatic Young's),Maximum Load,Displacment at Max Force,Notes,BREAK TYPE
,(N/mm),(MPa),(N),(mm),,
1,"2.07","48680.19","9.45","5.78","","CRUSHED"
2,"1.46","45434.09","7.45","5.14","","CRUSHED"
3,"1.57","37445.30","5.40","4.46","","SNAPPED"
4,"1.90","50851.40","7.29","4.02","","SNAPPED"
5,"2.27","61039.85","8.23","4.26","","SNAPPED"
6,"1.19","27776.90","4.17","4.28","","CRUSHED"
7,"1.16","42437.51","6.29","4.96","","CRUSHED"
8,"2.92","67812.24","9.94","4.08","","CRUSHED"
