Sample text inputs : Barcode #
"0HW315"

Results Table 2
,Load-Deflection Slope,Modulus (Automatic Young's),Maximum Load,Displacment at Max Force,Notes,BREAK TYPE
,(N/mm),(MPa),(N),(mm),,
1,"1.96","47005.57","6.96","3.94","","CRUSHED"
2,"2.71","57124.39","9.26","6.10","","CRUSHED"
3,"1.81","48845.94","8.03","4.80","","CRUSHED"
4,"2.21","51353.66","8.19","4.30","","CRUSHED"
5,"3.31","86674.49","13.35","4.54","","CRUSHED"
6,"2.70","58891.95","7.66","3.86","","CRUSHED"
7,"1.41","30895.21","4.62","3.98","","CRUSHED"
8,"3.15","83759.89","12.56","4.42","","CRUSHED"
9,"2.79","60667.86","7.85","3.84","","CRUSHED"
