Sample text inputs : Barcode #
"0HW302"

Results Table 2
,Load-Deflection Slope,Modulus (Automatic Young's),Maximum Load,Displacment at Max Force,Notes,BREAK TYPE
,(N/mm),(MPa),(N),(mm),,
1,"2.99","79602.64","12.61","4.74","","CRUSHED"
2,"1.26","32268.47","4.79","4.40","","CRUSHED"
3,"1.07","24457.99","4.40","5.24","","CRUSHED"
4,"2.06","49923.05","7.92","4.50","","CRUSHED"
5,"2.15","49160.70","6.71","3.82","","CRUSHED"
6,"1.53","33494.50","5.71","4.92","","CRUSHED"
7,"1.39","31350.25","4.10","3.30","","CRUSHED"
8,"1.34","30046.79","4.45","4.10","","CRUSHED"
