Sample text inputs : Barcode #
"0HW313"

Results Table 2
,Load-Deflection Slope,Modulus (Automatic Young's),Maximum Load,Displacment at Max Force,Notes,BREAK TYPE
,(N/mm),(MPa),(N),(mm),,
1,"1.75","50705.73","7.70","4.58","Snapped just above node.","SNAPPED"
2,"2.64","71932.18","9.85","3.80","","CRUSHED"
3,"2.23","49706.01","6.98","4.26","","CRUSHED"
4,"2.87","64807.11","7.11","3.08","Snapped just above node.","SNAPPED"
5,"1.38","31408.96","4.83","5.34","","CRUSHED"
6,"2.42","63577.33","8.80","4.20","Snapped just below node.","SNAPPED"
7,"1.69","42598.82","5.65","4.24","","CRUSHED"
8,"2.28","52569.42","7.41","3.98","","CRUSHED"
