Sample text inputs : Barcode #
"0SW102"

Results Table 2
,Load-Deflection Slope,Modulus (Automatic Young's),Maximum Load,Displacment at Max Force,Notes,BREAK TYPE
,(N/mm),(MPa),(N),(mm),,
1,"3.05","78727.31","10.32","4.04","","CRUSHED"
2,"1.78","39523.04","5.85","4.64","Snapped mid-node","SNAPPED"
3,"2.72","62018.16","8.60","4.22","","CRUSHED"
4,"1.63","37571.25","5.69","4.52","","CRUSHED"
5,"3.27","76014.01","10.82","4.32","Snapped mid-node","SNAPPED"
6,"1.84","41636.70","5.88","3.86","","CRUSHED"
7,"3.01","74621.88","10.47","4.02","","CRUSHED"
8,"2.52","59827.56","9.10","4.26","","CRUSHED"
