Sample text inputs : Barcode #
"0SW126"

Results Table 2
,Load-Deflection Slope,Modulus (Automatic Young's),Maximum Load,Displacment at Max Force,Notes,BREAK TYPE
,(N/mm),(MPa),(N),(mm),,
1,"1.57","34443.64","4.85","4.20","","CRUSHED"
2,"2.73","74902.12","11.29","4.46","","CRUSHED"
3,"2.08","59012.85","9.53","4.94","","CRUSHED"
4,"3.11","80759.44","11.81","4.68","","CRUSHED"
5,"1.95","43303.04","6.84","4.50","","CRUSHED"
6,"1.52","39227.41","6.09","4.50","","CRUSHED"
7,"1.81","42374.76","6.99","4.82","","CRUSHED"
8,"1.19","30363.45","5.31","4.86","","CRUSHED"
