Sample text inputs : Barcode #
"0SW122"

Results Table 2
,Load-Deflection Slope,Modulus (Automatic Young's),Maximum Load,Displacment at Max Force,Notes,BREAK TYPE
,(N/mm),(MPa),(N),(mm),,
1,"2.06","44637.45","6.51","4.38","","CRUSHED"
2,"3.08","73718.46","12.32","5.32","","CRUSHED"
3,"3.52","84499.82","12.08","4.40","","CRUSHED"
4,"3.96","98148.21","15.28","4.95","","CRUSHED"
5,"1.59","34530.39","5.33","4.64","","CRUSHED"
6,"4.37","100609.74","14.47","4.38","","CRUSHED"
7,"2.77","62889.16","9.56","4.84","","CRUSHED"
8,"2.42","54800.32","7.22","3.66","","CRUSHED"
