Sample text inputs : Barcode #
"0SW212"

Results Table 2
,Load-Deflection Slope,Modulus (Automatic Young's),Maximum Load,Displacment at Max Force,Notes,BREAK TYPE
,(N/mm),(MPa),(N),(mm),,
1,"3.56","82947.56","13.04","4.30","","CRUSHED"
2,"4.47","104236.70","13.97","3.92","","CRUSHED"
3,"2.27","55001.20","6.99","3.82","","CRUSHED"
4,"2.24","49705.56","7.45","4.36","","CRUSHED"
5,"3.10","70348.47","11.19","4.50","","CRUSHED"
6,"4.48","98165.35","14.25","4.40","","CRUSHED"
7,"4.21","92675.32","13.65","4.84","","CRUSHED"
8,"2.49","55792.83","7.62","3.76","","CRUSHED"
