Sample text inputs : Barcode #
"0SW318"

Results Table 2
,Load-Deflection Slope,Modulus (Automatic Young's),Maximum Load,Displacment at Max Force,Notes,BREAK TYPE
,(N/mm),(MPa),(N),(mm),,
1,"3.18","73624.00","10.41","4.40","","CRUSHED"
2,"1.90","45057.35","7.33","4.56","","CRUSHED"
3,"2.46","64740.27","10.37","4.30","Snapped just above node","SNAPPED"
4,"2.86","74125.61","12.54","4.96","","CRUSHED"
5,"2.90","66286.61","9.51","4.22","","CRUSHED"
6,"2.61","59742.96","6.93","3.52","","CRUSHED"
7,"2.24","55005.69","8.32","4.22","","CRUSHED"
8,"1.93","48835.97","9.62","6.04","","CRUSHED"
