Sample text inputs : Barcode #
"0SW341"

Results Table 2
,Load-Deflection Slope,Modulus (Automatic Young's),Maximum Load,Displacment at Max Force,Notes,BREAK TYPE
,(N/mm),(MPa),(N),(mm),,
1,"2.94","85612.10","11.70","4.23","","CRUSHED"
2,"0.75","16527.22","2.68","4.22","","CRUSHED"
3,"3.00","68018.37","10.66","4.91","","CRUSHED"
4,"1.85","49271.89","7.52","4.48","","CRUSHED"
5,"1.17","27953.52","4.73","4.59","","CRUSHED"
6,"3.45","79941.23","11.72","4.22","","CRUSHED"
7,"1.84","57195.14","8.53","4.54","","CRUSHED"
8,"1.71","39861.16","6.52","4.82","","CRUSHED"
