Sample text inputs : Barcode #
"0SW420"

Results Table 2
,Load-Deflection Slope,Modulus (Automatic Young's),Maximum Load,Displacment at Max Force,Notes,BREAK TYPE
,(N/mm),(MPa),(N),(mm),,
1,"0.59","13755.59","2.26","4.28","","CRUSHED"
2,"1.35","32000.39","5.81","5.08","","CRUSHED"
3,"1.84","57866.78","10.16","5.64","","CRUSHED"
4,"1.76","40770.84","6.43","4.86","","CRUSHED"
5,"2.00","49855.60","7.51","4.70","","CRUSHED"
6,"1.63","39743.05","6.67","4.98","","CRUSHED"
7,"1.22","29392.97","4.89","4.62","","CRUSHED"
8,"1.70","42515.95","6.77","4.82","","CRUSHED"
