Sample text inputs : Barcode #
"0SW422"

Results Table 2
,Load-Deflection Slope,Modulus (Automatic Young's),Maximum Load,Displacment at Max Force,Notes,BREAK TYPE
,(N/mm),(MPa),(N),(mm),,
1,"2.52","58219.77","9.74","5.06","","CRUSHED"
2,"1.45","33088.30","5.84","5.16","","CRUSHED"
3,"1.55","59470.78","9.73","4.64","","CRUSHED"
4,"1.37","30605.74","5.70","5.12","","CRUSHED"
5,"2.42","69006.17","10.74","4.58","","CRUSHED"
6,"2.14","48138.20","6.47","3.54","","CRUSHED"
7,"2.36","53929.42","8.23","4.46","","CRUSHED"
8,"1.25","27917.25","4.32","4.56","","CRUSHED"
