i,j,Stem,Variety,Plot,OverviewFile,Stiffness,Strength,Modulus,DisplacementAtMaxLoad,NodeMajorDiameter,NodeMinorDiameter,InternodeMajorDiameter,InternodeMinorDiameter,BreakType,StiffnessChoice,Notes
1,1,1,Brundage 96,SW102,0SW102_2.csv,2.3963,9.7681,2.20028266,4.7621,3.26,3.3,2.63,2.57,Snap,Auto slope,
2,1,2,Brundage 96,SW102,0SW102_2.csv,1.9791,7.8114,1.81720962,5.0709,3.29,3.25,2.33,2.45,Snap,Auto slope,
3,1,3,Brundage 96,SW102,0SW102_2.csv,2.2121,5.9665,2.03115022,2.8046,3.27,3.35,2.44,2.6,Snap,Auto slope,
4,1,4,Brundage 96,SW102,0SW102_2.csv,1.7008,7.5966,1.56167456,5.0753,3.15,3.28,2.52,2.64,Crush,Auto slope,
5,1,5,Brundage 96,SW102,0SW102_2.csv,1.8215,7.61,1.6725013,4.9183,3,3.07,2.37,2.41,Snap,Auto slope,
6,1,6,Brundage 96,SW102,0SW102_2.csv,1.487,5.8395,1.3653634,5.5688,3.14,3.2,2.31,2.52,Snap,Auto slope,
7,1,7,Brundage 96,SW102,0SW102_2.csv,1.355,6.4414,1.244161,5.9218,3.11,3.02,2.16,2.32,Crush,Auto slope,
8,1,8,Brundage 96,SW102,0SW102_2.csv,1.749,4.3636,1.6059318,3.1967,3.11,3.12,2.46,2.34,Snap,Auto slope,
9,1,9,Brundage 96,SW102,0SW102_2.csv,1.1821,5.4527,1.08540422,7.4539,2.89,2.67,2.28,2.13,Snap,Auto slope,
10,1,10,Brundage 96,SW102,0SW102_2.csv,1.7071,5.0726,1.56745922,3.1207,3.14,3.11,2.55,2.33,Snap,Auto slope,
11,2,1,Brundage 96,SW316,0SW316_2.csv,5.5202,17.9527,5.06864764,3.9455,4.28,4.16,3.01,2.93,Snap,Auto slope,
12,2,2,Brundage 96,SW316,0SW316_2.csv,3.3214,11.9071,3.04970948,4.1599,3.81,3.9,2.93,3.03,Snap,Auto slope,
13,2,3,Brundage 96,SW316,0SW316_2.csv,2.6605,11.4496,2.4428711,6.2274,3.64,3.72,2.81,2.8,Snap,Auto slope,
14,2,4,Brundage 96,SW316,0SW316_2.csv,4.3702,15.7231,4.01271764,5.0856,3.85,3.77,3.09,3.06,Snap,Auto slope,
15,2,5,Brundage 96,SW316,0SW316_2.csv,2.0241,8.6483,1.85852862,5.5473,3.5,3.54,2.69,2.84,Snap,Auto slope,
16,2,6,Brundage 96,SW316,0SW316_2.csv,2.1846,8.8534,2.00589972,4.9003,3.53,3.67,2.71,2.84,Snap,Auto slope,
17,2,7,Brundage 96,SW316,0SW316_2.csv,1.3103,6.2602,1.20311746,6.7793,3.02,3,2.54,2.71,Crush,Auto slope,"Crush occurred above node, typical legitimate crush performance."
18,2,8,Brundage 96,SW316,0SW316_2.csv,1.8193,6.6061,1.67048126,4.252,3.3,3.4,2.66,2.5,Snap,Auto slope,
19,2,9,Brundage 96,SW316,0SW316_2.csv,2.3725,10.338,2.1784295,6.0855,3.41,3.36,2.71,2.64,Snap,Auto slope,
20,2,10,Brundage 96,SW316,0SW316_2.csv,1.8593,7.5317,1.70720926,5.1971,3.2,3.39,2.66,2.86,Snap,Auto slope,
21,3,1,Brundage 96,SW332,0SW332_2.csv,3.0248,8.4448,2.77737136,2.9685,3.82,3.85,2.89,2.64,Snap,Auto slope,
22,3,2,Brundage 96,SW332,0SW332_2.csv,1.9691,8.1541,1.80802762,6.2819,3.5,3.66,2.63,2.75,Unclear,Auto slope,"Complex fracture, most apparently like a snap. A fibrous node broke apart little by little rather than all at once.  Brak characteristics may suggest a hardened sponge-like material structure internal to the node."
23,3,3,Brundage 96,SW332,0SW332_2.csv,1.9785,7.4405,1.8166587,4.6598,3.51,3.54,2.91,2.78,Snap,Auto slope,
24,3,4,Brundage 96,SW332,0SW332_2.csv,2.3752,6.996,2.18090864,3.1796,3.36,3.44,2.61,2.5,Snap,Auto slope,
25,3,5,Brundage 96,SW332,0SW332_2.csv,2.0695,6.5941,1.9002149,3.7595,3.23,3.23,2.49,2.35,Snap,Auto slope,
26,3,6,Brundage 96,SW332,0SW332_2.csv,2.5627,9.2618,2.35307114,4.3265,3.34,3.42,2.6,2.7,Snap,Auto slope,
27,3,7,Brundage 96,SW332,0SW332_2.csv,2.1171,8.7926,1.94392122,4.8183,3.28,3.07,2.41,2.42,Snap,Auto slope,
28,3,8,Brundage 96,SW332,0SW332_2.csv,1.5831,6.0398,1.45360242,4.2914,3.18,3.21,2.5,2.41,Snap,Auto slope,
29,3,9,Brundage 96,SW332,0SW332_2.csv,2.0609,8.3908,1.89231838,4.841,3.26,3.27,2.3,2.31,Snap,Auto slope,
30,3,10,Brundage 96,SW332,0SW332_2.csv,1.7496,6.5311,1.60648272,4.1942,3.1,3.15,2.43,2.37,Snap,Auto slope,
31,4,1,Brundage 96,SW416,0SW416_2.csv,3.3912,12.4406,3.11379984,4.3235,3.68,3.58,2.85,2.79,Snap,Auto slope,
32,4,2,Brundage 96,SW416,0SW416_2.csv,3.1039,11.0502,2.85000098,4.0785,3.45,3.75,2.77,2.77,Snap,Auto slope,
33,4,3,Brundage 96,SW416,0SW416_2.csv,1.7056,5.9233,1.56608192,3.7469,3.25,3.32,2.38,2.66,Snap,Auto slope,
34,4,4,Brundage 96,SW416,0SW416_2.csv,1.8134,6.911,1.66506388,4.3911,3.49,3.49,2.31,2.44,Snap,Auto slope,
35,4,5,Brundage 96,SW416,0SW416_2.csv,1.8033,8.4455,1.65579006,6.2212,3.14,3.17,2.33,2.49,Crush,Auto slope,Crushed above node.
36,4,6,Brundage 96,SW416,0SW416_2.csv,1.6605,7.8942,1.5246711,7.0215,3.2,3.22,2.36,2.35,Snap,Auto slope,
37,4,7,Brundage 96,SW416,0SW416_2.csv,2.5521,9.3602,2.34333822,4.0889,3.3,3.24,2.53,2.43,Snap,Auto slope,
38,4,8,Brundage 96,SW416,0SW416_2.csv,0.9938,4.1966,0.91250716,7.2258,2.82,2.93,2.16,2.15,Snap,Auto slope,
39,4,9,Brundage 96,SW416,0SW416_2.csv,0.931,3.8873,0.8548442,5.743,2.7,2.75,2.34,2.42,Crush,Auto slope,Crushed above node.
40,4,10,Brundage 96,SW416,0SW416_2.csv,1.7703,6.3985,1.62548946,3.9257,3.04,3.1,2.55,2.47,Snap,Auto slope,
41,5,1,Irv,HW221,0HW221_2.csv,4.012,12.3913,3.6838184,3.825,4.14,4.06,3.28,3.1,Snap,Auto slope,
42,5,2,Irv,HW221,0HW221_2.csv,2.7566,11.4498,2.53111012,5.9578,4.04,4.14,2.91,3.09,Snap,Auto slope,"This specimen snapped from the bottom, pulling apart. This is opposite of a crush, where the damage starts from the top."
43,5,3,Irv,HW221,0HW221_2.csv,1.4787,7.2823,1.35774234,7.0807,3.45,3.55,2.85,3.17,Snap,Auto slope,
44,5,4,Irv,HW221,0HW221_2.csv,2.4806,10.0054,2.27768692,5.8724,3.84,4.06,2.81,3.18,Crush,Auto slope,
45,5,5,Irv,HW221,0HW221_2.csv,2.6471,11.2732,2.43056722,5.8108,3.57,3.77,2.89,3.04,Snap,Auto slope,
46,5,6,Irv,HW221,0HW221_2.csv,2.4468,11.1876,2.24665176,6.1528,3.71,3.88,2.74,3.17,Snap,Auto slope,
47,5,7,Irv,HW221,0HW221_2.csv,2.5048,8.4564,2.29990736,4.5085,3.68,3.59,2.77,2.72,Crush,Auto slope,"Specimen shifted. Max is probably less than it would have been, but the stiffness is valid.
"
48,5,8,Irv,HW221,0HW221_2.csv,1.8541,8.754,1.70243462,6.7668,3.42,3.5,2.54,2.86,Snap,Auto slope,
49,5,9,Irv,HW221,0HW221_2.csv,1.5197,5.9735,1.39538854,4.6953,3.67,3.5,3.07,2.87,Snap,Auto slope,
50,5,10,Irv,HW221,0HW221_2.csv,1.5269,6.766,1.40199958,6.2597,3.37,3.53,2.8,3.03,Crush,Auto slope,"Specimen shifted. Max is probably less than it would have been, but the stiffness is valid.
"
51,6,1,Irv,HW319,0HW319_2.csv,3.528,10.1651,3.2394096,3.125,3.98,3.89,3.33,3.07,Snap,Auto slope,
52,6,2,Irv,HW319,0HW319_2.csv,2.964,11.6832,2.7215448,6.404,3.74,3.69,2.99,3,Crush,Auto slope,
53,6,3,Irv,HW319,0HW319_2.csv,2.6064,10.6502,2.39319648,5.5104,3.68,3.6,3.05,2.88,Snap,Auto slope,
54,6,4,Irv,HW319,0HW319_2.csv,2.3603,9.137,2.16722746,5.0592,3.59,3.49,2.97,2.75,Snap,Auto slope,
55,6,5,Irv,HW319,0HW319_2.csv,1.8211,8.0345,1.67213402,5.3084,3.43,3.58,2.63,3.02,Snap,Auto slope,
56,6,6,Irv,HW319,0HW319_2.csv,1.9186,8.1297,1.76165852,5.5895,3.37,3.35,2.47,2.25,Crush,Auto slope,
57,6,7,Irv,HW319,0HW319_2.csv,1.1007,5.0948,1.01066274,5.7505,3.25,3.2,2.35,2.53,Snap,Auto slope,
58,6,8,Irv,HW319,0HW319_2.csv,0.9222,4.4585,0.84676404,6.8557,2.64,2.76,2.23,2.23,Snap,Auto slope,
59,6,9,Irv,HW319,0HW319_2.csv,0.8303,3.8678,0.76238146,5.7999,2.89,3.06,2.43,2.67,Snap,Auto slope,
60,6,10,Irv,HW319,0HW319_2.csv,2.2485,8.4612,2.0645727,5.1707,3.5,3.63,2.97,3.1,Snap,Auto slope,
61,7,1,Irv,HW401,0HW401_2.csv,3.3563,12.9224,3.08175466,5.8212,4.37,4.42,3.44,3.81,Crush,Auto slope,
62,7,2,Irv,HW401,0HW401_2.csv,5.9463,22.3782,5.45989266,4.9948,4.43,4.55,3.52,3.42,Snap,Auto slope,
63,7,3,Irv,HW401,0HW401_2.csv,3.331,9.9222,3.0585242,3.8532,4.2,4.28,3.09,3.41,Crush,Auto slope,
64,7,4,Irv,HW401,0HW401_2.csv,3.9192,13.4079,3.59860944,4.9997,4.11,3.95,3.35,3.25,Crush,Auto slope,
65,7,5,Irv,HW401,0HW401_2.csv,3.83,10.1163,3.516706,3.8262,4.04,3.93,3.2,2.93,Snap,Auto slope,
66,7,6,Irv,HW401,0HW401_2.csv,2.0688,8.1665,1.89957216,4.4352,3.55,3.79,2.95,3.18,Snap,Auto slope,
67,7,7,Irv,HW401,0HW401_2.csv,1.414,6.0855,1.2983348,5.2341,3.07,3.19,2.76,2.59,Snap,Auto slope,
68,7,8,Irv,HW401,0HW401_2.csv,1.9652,7.9962,1.80444664,5.0183,3.57,3.41,2.87,2.53,Crush,Auto slope,
69,7,9,Irv,HW401,0HW401_2.csv,2.1357,7.0973,1.96099974,4.9786,3.46,3.47,2.93,2.81,Snap,Auto slope,
70,7,10,Irv,HW401,0HW401_2.csv,1.7638,7.8905,1.61952116,6.0357,3.26,3.24,2.37,2.38,Crush,Auto slope,
71,8,1,Irv,HW402,0HW402_2.csv,3.7084,12.6242,3.40505288,4.4203,4.13,4.28,3.12,3.5,Crush,Auto slope,
72,8,2,Irv,HW402,0HW402_2.csv,4.0614,16.2668,3.72917748,5.8754,4.06,4.15,3.09,3.21,Snap,Auto slope,
73,8,3,Irv,HW402,0HW402_2.csv,3.3172,12.9376,3.04585304,5.1684,4.25,4.37,3.28,3.28,Crush,Auto slope,
74,8,4,Irv,HW402,0HW402_2.csv,2.6631,8.7697,2.44525842,4.3795,3.76,4.06,3.14,3.38,Snap,Auto slope,
75,8,5,Irv,HW402,0HW402_2.csv,2.4414,10.8435,2.24169348,6.4204,3.76,3.8,2.94,3.15,Snap,Auto slope,
76,8,6,Irv,HW402,0HW402_2.csv,2.526,9.7667,2.3193732,5.3581,3.66,3.55,2.89,2.89,Snap,Auto slope,
77,8,7,Irv,HW402,0HW402_2.csv,2.7608,10.7914,2.53496656,4.979,3.87,3.97,3.39,3.4,Snap,Auto slope,
78,8,8,Irv,HW402,0HW402_2.csv,2.6037,10.2714,2.39071734,4.65,3.74,3.76,2.84,2.86,Snap,Auto slope,
79,8,9,Irv,HW402,0HW402_2.csv,1.1158,5.3375,1.02452756,6.2994,3.19,3.24,2.22,2.43,Snap,Auto slope,
80,8,10,Irv,HW402,0HW402_2.csv,1.0973,5.2195,1.00754086,6.7331,3.29,3.33,2.31,2.54,Snap,Auto slope,
81,9,1,LCS Artdeco,SW126,0SW126_2.csv,2.576,11.9283,2.3652832,6.3836,3.89,3.79,2.9,2.96,Snap,Auto slope,
82,9,2,LCS Artdeco,SW126,0SW126_2.csv,2.8086,11.3835,2.57885652,5.1422,3.7,3.8,2.83,2.78,Snap,Auto slope,
83,9,3,LCS Artdeco,SW126,0SW126_2.csv,2.5017,11.2732,2.29706094,7.2283,3.53,3.5,2.57,2.57,Crush,Auto slope,
84,9,4,LCS Artdeco,SW126,0SW126_2.csv,2.2119,10.3261,2.03096658,6.8841,3.68,3.68,2.78,2.64,Snap,Auto slope,
85,9,5,LCS Artdeco,SW126,0SW126_2.csv,2.654,10.8203,2.4369028,6.7717,3.97,3.78,2.8,2.57,Snap,Auto slope,
86,9,6,LCS Artdeco,SW126,0SW126_2.csv,2.5482,9.7579,2.33975724,5.7698,3.55,3.39,2.69,2.51,Snap,Auto slope,
87,9,7,LCS Artdeco,SW126,0SW126_2.csv,1.8488,7.4787,1.69756816,5.9939,3.32,3.2,2.6,2.26,Crush,Auto slope,
88,9,8,LCS Artdeco,SW126,0SW126_2.csv,2.2156,9.2263,2.03436392,5.6914,3.47,3.64,2.57,2.77,Snap,Auto slope,
89,9,9,LCS Artdeco,SW126,0SW126_2.csv,1.9434,9.3173,1.78442988,6.6707,3.51,3.41,2.42,2.45,Crush,Auto slope,Crush occurred below node.
90,9,10,LCS Artdeco,SW126,0SW126_2.csv,1.4428,5.8054,1.32477896,4.7904,3.11,3.26,2.33,2.32,Snap,Auto slope,
91,10,1,LCS Artdeco,SW203,0SW203_2.csv,4.8133,16.2225,4.41957206,4.0484,4.18,4.52,3.04,3.34,Snap,Auto slope,"Crushed above node, as is typical."
92,10,2,LCS Artdeco,SW203,0SW203_2.csv,2.8826,11.271,2.64680332,5.1026,3.81,3.78,2.64,2.82,Snap,Auto slope,
93,10,3,LCS Artdeco,SW203,0SW203_2.csv,3.2251,12.048,2.96128682,5.1345,3.71,4.04,2.79,2.92,Crush,Auto slope,
94,10,4,LCS Artdeco,SW203,0SW203_2.csv,2.1938,10.1018,2.01434716,6.2142,3.41,3.64,2.39,2.44,Snap,Auto slope,
95,10,5,LCS Artdeco,SW203,0SW203_2.csv,1.7967,8.1045,1.64972994,5.5859,3.19,3.24,2.29,2.45,Snap,Auto slope,
96,10,6,LCS Artdeco,SW203,0SW203_2.csv,1.1144,5.2846,1.02324208,5.9251,2.94,3.12,2.16,2.4,Crush,Auto slope,
97,10,7,LCS Artdeco,SW203,0SW203_2.csv,3.5704,13.9694,3.27834128,5.8508,3.82,3.81,2.88,2.97,Snap,Auto slope,
98,10,8,LCS Artdeco,SW203,0SW203_2.csv,1.1839,6.0237,1.08705698,7.5212,2.86,3.09,2.05,2.37,Crush,Auto slope,
99,10,9,LCS Artdeco,SW203,0SW203_2.csv,1.3629,6.2416,1.25141478,6.1717,2.9,2.93,2.18,2.18,Crush,Auto slope,
100,10,10,LCS Artdeco,SW203,0SW203_2.csv,1.5949,7.1292,1.46443718,5.8183,3.1,3.16,2.2,2.41,Snap,Auto slope,
101,11,1,LCS Artdeco,SW319,0SW319_2.csv,3.0725,12.009,2.8211695,5.0923,3.99,3.99,2.75,2.94,Crush,Auto slope,Crushed above node.
102,11,2,LCS Artdeco,SW319,0SW319_2.csv,2.3235,10.3035,2.1334377,6.3787,3.57,3.46,2.42,2.57,Crush,Auto slope,Crushed below node.
103,11,3,LCS Artdeco,SW319,0SW319_2.csv,2.3268,8.9647,2.13646776,5.682,3.29,3.44,2.47,2.63,Splinter,Auto slope,"Finally, a real splinter!!"
104,11,4,LCS Artdeco,SW319,0SW319_2.csv,2.5799,10.979,2.36886418,5.6237,3.59,3.78,2.61,2.58,Snap,Auto slope,
105,11,5,LCS Artdeco,SW319,0SW319_2.csv,1.4292,4.3598,1.31229144,3.6499,3.12,2.84,2.5,2.32,Crush,Auto slope,
106,11,6,LCS Artdeco,SW319,0SW319_2.csv,1.7851,8.3337,1.63907882,6.6728,3.22,3.24,2.47,2.41,Snap,Auto slope,
107,11,7,LCS Artdeco,SW319,0SW319_2.csv,1.9489,8.7741,1.78947998,5.9306,3.14,3.18,2.37,2.47,Snap,Auto slope,
108,11,8,LCS Artdeco,SW319,0SW319_2.csv,1.4236,6.54,1.30714952,5.5752,3.21,3.15,2.26,2.53,Snap,Auto slope,
109,11,9,LCS Artdeco,SW319,0SW319_2.csv,1.347,5.9779,1.2368154,6.4752,3.04,3.07,2.48,2.54,Snap,Auto slope,
110,11,10,LCS Artdeco,SW319,0SW319_2.csv,1.2207,4.3714,1.12084674,4.7935,2.92,2.96,2.51,2.47,Snap,Auto slope,
111,12,1,LCS Artdeco,SW418,0SW418_2.csv,3.295,13.7649,3.025469,6.0498,4.09,4.14,2.69,2.8,Snap,Auto slope,
112,12,2,LCS Artdeco,SW418,0SW418_2.csv,3.3369,14.3937,3.06394158,6.3661,3.87,3.96,2.64,2.77,Crush,Auto slope,Crushed above node.
113,12,3,LCS Artdeco,SW418,0SW418_2.csv,2.6074,10.7422,2.39411468,5.31,3.52,3.7,2.82,2.8,Crush,Auto slope,Crushed above node.
114,12,4,LCS Artdeco,SW418,0SW418_2.csv,2.1085,7.9598,1.9360247,5.213,3.47,3.47,2.82,2.74,Crush,Auto slope,Crushed above node.
115,12,5,LCS Artdeco,SW418,0SW418_2.csv,2.0983,6.9161,1.92665906,4.4385,3.3,3.39,2.62,2.62,Snap,Auto slope,
116,12,6,LCS Artdeco,SW418,0SW418_2.csv,2.2512,10.6509,2.06705184,6.8811,3.49,3.54,2.42,2.73,Crush,Auto slope,Crushed above node.
117,12,7,LCS Artdeco,SW418,0SW418_2.csv,1.7391,8.1741,1.59684162,6.9618,3.19,3.17,2.45,2.34,Snap,Auto slope,
118,12,8,LCS Artdeco,SW418,0SW418_2.csv,2.8163,11.758,2.58592666,5.7588,3.63,3.65,2.61,2.72,Snap,Auto slope,"Crushed below node. Atypical. Likely due to existing imperfection. That said, results appear valid."
119,12,9,LCS Artdeco,SW418,0SW418_2.csv,1.5831,5.7871,1.45360242,5.0676,3.24,3.23,2.51,2.41,Snap,Auto slope,
120,12,10,LCS Artdeco,SW418,0SW418_2.csv,1.1838,3.4954,1.08696516,5.1953,3.04,3.01,2.48,2.44,Crush,Auto slope,"Crush above node, likely premature due to anvil contact. Stiffness is valid."
121,13,1,MT1745,HW122,0HW122_2.csv,2.492,8.6493,2.2881544,4.3878,3.67,3.46,2.9,2.56,Snap,Auto slope,This variety is characterized by 
122,13,2,MT1745,HW122,0HW122_2.csv,1.9093,8.6258,1.75311926,6.0127,3.43,3.66,2.65,2.83,Snap,Auto slope,
123,13,3,MT1745,HW122,0HW122_2.csv,1.3555,6.5451,1.2446201,6.3876,3.12,3.47,2.33,2.71,Crush,Auto slope,
124,13,4,MT1745,HW122,0HW122_2.csv,1.6683,6.5209,1.53183306,4.6488,3.24,3.08,2.6,2.22,Snap,Auto slope,
125,13,5,MT1745,HW122,0HW122_2.csv,2.207,7.9803,2.0264674,4.9508,3.42,3.66,2.63,2.85,Crush,Auto slope,
126,13,6,MT1745,HW122,0HW122_2.csv,1.1209,6.2163,1.02921038,8.3482,2.84,3.12,2.37,2.61,Crush,Auto slope,
127,13,7,MT1745,HW122,0HW122_2.csv,1.0851,3.3802,0.99633882,5.3864,3.03,2.78,2.59,2.18,Crush,Auto slope,
128,13,8,MT1745,HW122,0HW122_2.csv,0.9672,4.4569,0.88808304,6.0604,2.81,2.81,2.33,2.2,Snap,Auto slope,
129,13,9,MT1745,HW122,0HW122_2.csv,0.864,4.081,0.7933248,5.5137,2.77,2.93,2.24,2.07,Crush,Auto slope,
130,13,10,MT1745,HW122,0HW122_2.csv,0.5138,2.3745,0.47177116,8.2655,2.24,2.48,1.9,2.26,Snap,Auto slope,
131,14,1,MT1745,HW211,0HW211_2.csv,1.5055,7.4374,1.3823501,6.4004,3.29,3.36,2.57,2.75,Crush,Auto slope,
132,14,2,MT1745,HW211,0HW211_2.csv,2.3464,9.3265,2.15446448,5.3075,3.62,3.62,2.81,2.73,Snap,Auto slope,
133,14,3,MT1745,HW211,0HW211_2.csv,2.2105,9.5244,2.0296811,6.5064,3.51,3.41,2.61,2.51,Crush,Auto slope,"Node slipped from anvil, forcing a crush."
134,14,4,MT1745,HW211,0HW211_2.csv,1.7462,7.7999,1.60336084,6.617,3.27,3.04,2.76,2.31,Splinter,Auto slope,
135,14,5,MT1745,HW211,0HW211_2.csv,2.0996,9.6539,1.92785272,6.7118,3.51,3.34,2.52,2.57,Splinter,Auto slope,
136,14,6,MT1745,HW211,0HW211_2.csv,1.1088,4.3394,1.01810016,4.3629,2.87,2.92,2.43,2.54,Snap,Auto slope,
137,14,7,MT1745,HW211,0HW211_2.csv,1.2138,5.8083,1.11451116,6.3383,3.27,2.91,2.6,2.42,Snap,Auto slope,
138,14,8,MT1745,HW211,0HW211_2.csv,1.7352,6.6468,1.59326064,4.6595,3.23,3.24,2.65,2.56,Snap,Auto slope,
139,14,9,MT1745,HW211,0HW211_2.csv,1.1304,5.3992,1.03793328,7.0552,3.02,2.89,2.31,2.23,Crush,Auto slope,
140,14,10,MT1745,HW211,0HW211_2.csv,1.019,5.5308,0.9356458,8.2815,2.75,2.81,2.02,2.08,Snap,Auto slope,
141,15,1,MT1745,HW318,0HW318_2.csv,0.8296,4.2176,0.76173872,7.3545,3.04,2.98,2.42,2.37,Snap,Auto slope,
142,15,2,MT1745,HW318,0HW318_2.csv,2.75,10.8865,2.52505,5.1859,3.49,3.38,2.6,2.49,Snap,Auto slope,
143,15,3,MT1745,HW318,0HW318_2.csv,1.1367,5.6777,1.04371794,6.9732,2.95,3.11,2.24,2.43,Crush,Auto slope,Crushed below node.
144,15,4,MT1745,HW318,0HW318_2.csv,1.4018,6.6944,1.28713276,6.9551,3.19,3.24,2.46,2.46,Crush,Auto slope,Crushed below node.
145,15,5,MT1745,HW318,0HW318_2.csv,1.8634,9.351,1.71097388,6.6355,3.43,3.54,2.6,2.78,Snap,Auto slope,
146,15,6,MT1745,HW318,0HW318_2.csv,1.3368,6.8396,1.22744976,7.0267,3.46,3.56,2.55,2.87,Crush,Auto slope,Crushed above node.
147,15,7,MT1745,HW318,0HW318_2.csv,1.6854,7.5702,1.54753428,6.4932,3.12,3.27,2.58,2.63,Snap,Auto slope,
148,15,8,MT1745,HW318,0HW318_2.csv,1.4996,7.2991,1.37693272,6.7793,3.05,3.2,2.16,2.49,Snap,Auto slope,
149,15,9,MT1745,HW318,0HW318_2.csv,1.2814,5.4543,1.17658148,5.8187,2.91,2.96,2.38,2.42,Snap,Auto slope,
150,15,10,MT1745,HW318,0HW318_2.csv,0.4098,2.3306,0.37627836,7.8926,2.28,2.35,1.79,2.02,Snap,Auto slope,Crushed below node.
151,16,1,MT1745,HW421,0HW421_2.csv,2.5523,9.7096,2.34352186,4.8368,3.4,3.48,2.63,2.83,Snap,Auto slope,
152,16,2,MT1745,HW421,0HW421_2.csv,1.8369,7.1329,1.68664158,5.6555,3.53,3.43,2.78,2.53,Snap,Auto slope,
153,16,3,MT1745,HW421,0HW421_2.csv,1.5038,5.7453,1.38078916,4.9739,3.12,3.28,2.55,2.72,Snap,Auto slope,
154,16,4,MT1745,HW421,0HW421_2.csv,1.8733,7.7425,1.72006406,5.2788,3.13,3.31,2.46,2.74,Snap,Auto slope,
155,16,5,MT1745,HW421,0HW421_2.csv,1.8499,8.4298,1.69857818,5.7747,3.45,3.48,2.79,2.78,Snap,Auto slope,
156,16,6,MT1745,HW421,0HW421_2.csv,1.6147,7.6125,1.48261754,6.585,3.16,3.27,2.41,2.71,Crush,Auto slope,
157,16,7,MT1745,HW421,0HW421_2.csv,1.538,6.829,1.4121916,5.4242,3.02,2.88,2.38,2.22,Snap,Auto slope,
158,16,8,MT1745,HW421,0HW421_2.csv,1.6999,7.3644,1.56084818,5.626,3.21,3.42,2.45,2.58,Crush,Auto slope,
159,16,9,MT1745,HW421,0HW421_2.csv,1.1656,5.8354,1.07025392,7.4978,2.92,3.17,2.3,2.62,Crush,Auto slope,
160,16,10,MT1745,HW421,0HW421_2.csv,1.6388,5.8911,1.50474616,4.9043,3.46,3.47,2.81,2.57,Snap,Auto slope,
161,17,1,Nixon,SW116,0SW116_2.csv,4.4679,14.0333,4.10242578,3.6188,3.71,3.67,2.96,2.92,Snap,Auto slope,
162,17,2,Nixon,SW116,0SW116_2.csv,4.2047,15.161,3.86075554,4.2322,3.95,3.86,3.12,3,Snap,Auto slope,
163,17,3,Nixon,SW116,0SW116_2.csv,4.5695,10.5256,4.1957149,2.711,3.72,3.77,3.13,3.13,Snap,Auto slope,
164,17,4,Nixon,SW116,0SW116_2.csv,4.2578,16.788,3.90951196,4.9591,3.79,4.2,2.97,2.97,Snap,Auto slope,
165,17,5,Nixon,SW116,0SW116_2.csv,2.0981,9.6116,1.92647542,6.0919,3.57,3.56,2.87,2.83,Crush,Auto slope,
166,17,6,Nixon,SW116,0SW116_2.csv,3.2464,10.2904,2.98084448,3.8637,3.46,3.65,2.85,2.84,Snap,Auto slope,
167,17,7,Nixon,SW116,0SW116_2.csv,3.316,10.5328,3.0447512,3.8183,3.56,3.39,2.82,2.69,Snap,Auto slope,
168,17,8,Nixon,SW116,0SW116_2.csv,1.605,6.166,1.473711,4.6815,2.86,2.97,2.5,2.42,Snap,Auto slope,
169,17,9,Nixon,SW116,0SW116_2.csv,1.2956,5.3101,1.18961992,4.8486,2.88,2.94,2.3,2.55,Crush,Auto slope,
170,17,10,Nixon,SW116,0SW116_2.csv,1.6003,6.832,1.46939546,5.1088,3.12,3,2.77,2.59,Snap,Auto slope,
171,18,1,Nixon,SW204,0SW204_2.csv,3.7712,13.7487,3.46271584,4.5956,3.6,3.75,2.78,3.01,Snap,Auto slope,
172,18,2,Nixon,SW204,0SW204_2.csv,3.5983,12.5773,3.30395906,4.8084,3.61,3.68,2.89,2.99,Snap,Auto slope,
173,18,3,Nixon,SW204,0SW204_2.csv,2.1343,8.4901,1.95971426,5.2295,3.2,3.32,2.43,2.57,Snap,Auto slope,"Snapped below node, at necked point - atypical, but valid. Tension side split first, as expected in snaps."
174,18,4,Nixon,SW204,0SW204_2.csv,3.6703,14.7926,3.37006946,5.159,3.46,3.47,2.82,2.76,Snap,Auto slope,
175,18,5,Nixon,SW204,0SW204_2.csv,2.5721,10.9636,2.36170222,6.2157,3.33,3.33,2.53,2.74,Snap,Auto slope,
176,18,6,Nixon,SW204,0SW204_2.csv,2.2899,9.9477,2.10258618,5.7802,3.2,3.26,2.44,2.65,Crush,Auto slope,
177,18,7,Nixon,SW204,0SW204_2.csv,1.0525,4.6896,0.9664055,5.8919,2.77,2.82,2.1,2.11,Snap,Auto slope,
178,18,8,Nixon,SW204,0SW204_2.csv,1.5708,5.5691,1.44230856,3.8134,2.71,2.73,2.31,2.36,Snap,Auto slope,
179,18,9,Nixon,SW204,0SW204_2.csv,1.0271,5.0667,0.94308322,7.3649,2.76,2.86,2.12,2.3,Crush,Auto slope,
180,18,10,Nixon,SW204,0SW204_2.csv,0.8854,3.531,0.81297428,6.284,2.41,2.4,1.94,1.97,Snap,Auto slope,
181,19,1,Nixon,SW339,0SW339_2.csv,2.2896,7.8992,2.10231072,4.0164,3.45,3.51,2.72,2.94,Snap,Auto slope,
182,19,2,Nixon,SW339,0SW339_2.csv,2.3836,8.6715,2.18862152,4.4625,3.51,3.45,2.76,2.65,Splinter,Auto slope,"Internode splintered at upper contact. Results still appear valid, so they are kept."
183,19,3,Nixon,SW339,0SW339_2.csv,2.9229,9.949,2.68380678,4.0695,3.44,3.44,2.68,2.59,Snap,Auto slope,
184,19,4,Nixon,SW339,0SW339_2.csv,2.7891,11.2307,2.56095162,4.9321,3.57,3.61,2.89,2.77,Snap,Auto slope,
185,19,5,Nixon,SW339,0SW339_2.csv,3.7206,11.9419,3.41625492,4.0184,3.49,3.66,2.82,2.9,Snap,Auto slope,
186,19,6,Nixon,SW339,0SW339_2.csv,1.5105,4.1255,1.3869411,3.3091,2.84,2.72,2.5,2.32,Snap,Auto slope,
187,19,7,Nixon,SW339,0SW339_2.csv,2.0838,9.0447,1.91334516,5.4417,3.07,3.15,2.45,2.71,Crush,Auto slope,Crush above node.
188,19,8,Nixon,SW339,0SW339_2.csv,1.2116,5.0968,1.11249112,5.0036,2.94,3.09,2.3,2.45,Snap,Auto slope,
189,19,9,Nixon,SW339,0SW339_2.csv,1.7006,5.5046,1.56149092,4.1574,3.01,3.03,2.57,2.5,Crush,Auto slope,Crush above node.
190,19,10,Nixon,SW339,0SW339_2.csv,1.672,7.715,1.5352304,5.8449,2.87,2.91,2.38,2.28,Snap,Auto slope,
191,20,1,Nixon,SW427,0SW427_2.csv,3.5187,13.9667,3.23087034,5.0283,3.62,3.78,2.8,2.88,Snap,Auto slope,
192,20,2,Nixon,SW427,0SW427_2.csv,3.1367,12.2862,2.88011794,4.7706,3.46,3.49,2.79,2.84,Snap,Auto slope,
193,20,3,Nixon,SW427,0SW427_2.csv,3.6486,13.7707,3.35014452,4.8225,3.62,3.62,2.95,2.91,Snap,Auto slope,
194,20,4,Nixon,SW427,0SW427_2.csv,3.6879,14.2293,3.38622978,4.5449,3.67,3.81,2.89,2.9,Snap,Auto slope,
195,20,5,Nixon,SW427,0SW427_2.csv,3.9316,12.4846,3.60999512,3.5557,3.76,3.68,3.19,3.1,Snap,Auto slope,
196,20,6,Nixon,SW427,0SW427_2.csv,3.144,8.4627,2.8868208,3.1412,3.6,3.45,2.93,2.61,Snap,Auto slope,
197,20,7,Nixon,SW427,0SW427_2.csv,3.201,10.8817,2.9391582,3.8891,3.57,3.59,2.91,2.88,Snap,Auto slope,
198,20,8,Nixon,SW427,0SW427_2.csv,1.1341,4.8566,1.04133062,5.3495,2.88,2.93,2.52,2.64,Crush,Auto slope,"Crushed above node, typical pattern."
199,20,9,Nixon,SW427,0SW427_2.csv,1.142,2.8209,1.0485844,3.3778,2.78,2.76,2.2,2.43,Snap,Auto slope,
200,20,10,Nixon,SW427,0SW427_2.csv,1.3244,4.8523,1.21606408,4.4873,2.95,2.94,2.47,2.22,Snap,Auto slope,
201,21,1,Norwest 553,HW202,0HW202_2.csv,2.6997,10.825,2.47886454,5.126,3.79,3.67,3,2.92,Snap,Auto slope,
202,21,2,Norwest 553,HW202,0HW202_2.csv,2.7033,11.7749,2.48217006,6.2434,3.7,3.76,2.99,2.9,Snap,Auto slope,
203,21,3,Norwest 553,HW202,0HW202_2.csv,2.0701,9.1146,1.90076582,5.4247,3.68,3.8,2.78,2.89,Snap,Auto slope,
204,21,4,Norwest 553,HW202,0HW202_2.csv,2.0685,8.3915,1.8992967,5.5052,3.7,3.66,2.84,3.04,Snap,Auto slope,
205,21,5,Norwest 553,HW202,0HW202_2.csv,2.1794,9.0711,2.00112508,5.076,3.42,3.44,2.77,2.75,Snap,Auto slope,
206,21,6,Norwest 553,HW202,0HW202_2.csv,1.5875,7.0241,1.4576425,5.045,3.24,3.32,2.62,2.83,Snap,Auto slope,
207,21,7,Norwest 553,HW202,0HW202_2.csv,3.171,12.2579,2.9116122,5.2564,3.78,3.68,3.02,2.8,Snap,Auto slope,
208,21,8,Norwest 553,HW202,0HW202_2.csv,2.6235,11.1044,2.4088977,5.4081,3.64,3.75,2.68,2.76,Snap,Auto slope,
209,21,9,Norwest 553,HW202,0HW202_2.csv,1.546,6.5451,1.4195372,5.9156,3.38,3.5,2.57,2.71,Crush,Auto slope,
210,21,10,Norwest 553,HW202,0HW202_2.csv,0.6839,3.9362,0.62795698,9.5149,2.62,2.85,2.03,2.22,Snap,Auto slope,
211,22,1,Norwest 553,HW313,0HW313_2.csv,3.3689,13.6389,3.09332398,5.0775,3.9,3.84,3.05,2.96,Snap,Auto slope,
212,22,2,Norwest 553,HW313,0HW313_2.csv,2.3594,10.1159,2.16640108,5.3635,3.6,3.8,2.75,2.88,Crush,Auto slope,"Crush occurred below the node. The material is thick, and so the crack caused a splintering on the low side of the crush. A photo was taken and saved in the OneNote daily notes."
213,22,3,Norwest 553,HW313,0HW313_2.csv,2.1205,8.95,1.9470431,5.7026,3.49,3.58,2.95,2.8,Snap,Auto slope,
214,22,4,Norwest 553,HW313,0HW313_2.csv,2.651,12.3386,2.4341482,8.7382,3.62,3.77,2.78,2.92,Snap,Auto slope,
215,22,5,Norwest 553,HW313,0HW313_2.csv,2.5263,9.7167,2.31964866,4.6334,3.77,3.67,2.82,2.73,Snap,Auto slope,
216,22,6,Norwest 553,HW313,0HW313_2.csv,3.3338,11.3141,3.06109516,4.5828,3.82,3.8,3.05,3.21,Crush,Auto slope,
217,22,7,Norwest 553,HW313,0HW313_2.csv,2.198,8.9375,2.0182036,4.8206,3.43,3.42,2.65,2.66,Snap,Auto slope,
218,22,8,Norwest 553,HW313,0HW313_2.csv,3.7977,14.5466,3.48704814,5.5021,3.97,4.24,2.99,3.25,Snap,Auto slope,
219,22,9,Norwest 553,HW313,0HW313_2.csv,0.3851,2.4545,0.35359882,8.8501,2.31,2.33,1.94,2.04,Snap,Auto slope,
220,22,10,Norwest 553,HW313,0HW313_2.csv,2.5265,9.0477,2.3198323,4.6556,3.58,3.45,3.04,2.87,Snap,Auto slope,
221,23,1,Norwest 553,HW412,0HW412_2.csv,3.8624,14.4899,3.54645568,4.4169,4.17,4.24,3.17,3.1,Snap,Auto slope,
222,23,2,Norwest 553,HW412,0HW412_2.csv,2.8934,12.1913,2.65671988,5.9915,3.79,3.66,2.88,2.79,Crush,Auto slope,
223,23,3,Norwest 553,HW412,0HW412_2.csv,1.7362,6.9727,1.59417884,4.966,3.45,3.57,2.73,2.72,Snap,Auto slope,
224,23,4,Norwest 553,HW412,0HW412_2.csv,2.1685,9.6697,1.9911167,6.2738,3.62,3.65,2.7,2.7,Snap,Auto slope,
225,23,5,Norwest 553,HW412,0HW412_2.csv,1.3378,6.2275,1.22836796,7.1337,3.37,3.48,2.15,2.58,Crush,Auto slope,
226,23,6,Norwest 553,HW412,0HW412_2.csv,2.7815,11.6008,2.5539733,6.4263,3.75,3.74,2.89,2.7,Crush,Auto slope,
227,23,7,Norwest 553,HW412,0HW412_2.csv,1.6638,7.6208,1.52770116,6.0267,3.49,3.67,2.47,2.81,Crush,Auto slope,
228,23,8,Norwest 553,HW412,0HW412_2.csv,1.339,5.2303,1.2294698,4.3903,3.08,3.2,2.42,2.52,Snap,Auto slope,
229,23,9,Norwest 553,HW412,0HW412_2.csv,1.0682,4.7286,0.98082124,5.3503,2.99,3.14,2.33,2.73,Crush,Auto slope,
230,23,10,Norwest 553,HW412,0HW412_2.csv,1.5426,6.9559,1.41641532,6.6072,3.77,3.52,2.61,2.53,Snap,Auto slope,
231,24,1,Norwest 553,HW418,0HW418_2.csv,5.0713,18.6661,4.65646766,4.9815,4.28,4.4,3.29,3.3,Snap,Auto slope,
232,24,2,Norwest 553,HW418,0HW418_2.csv,4.9378,20.0531,4.53388796,6.1078,4.32,4.33,3.25,3.18,Snap,Auto slope,
233,24,3,Norwest 553,HW418,0HW418_2.csv,3.5537,14.3579,3.26300734,5.8241,3.97,4.1,2.87,3.12,Snap,Auto slope,
234,24,4,Norwest 553,HW418,0HW418_2.csv,3.6914,13.6437,3.38944348,4.6507,4.14,4.27,3.08,3.23,Snap,Auto slope,
235,24,5,Norwest 553,HW418,0HW418_2.csv,2.8788,12.5261,2.64331416,5.9404,3.87,3.9,2.89,3,Crush,Auto slope,
236,24,6,Norwest 553,HW418,0HW418_2.csv,1.929,8.4441,1.7712078,5.5646,3.44,3.37,2.83,2.6,Snap,Auto slope,
237,24,7,Norwest 553,HW418,0HW418_2.csv,1.8086,7.642,1.66065652,5.2932,3.42,3.23,2.73,2.38,Snap,Auto slope,
238,24,8,Norwest 553,HW418,0HW418_2.csv,1.5975,5.2438,1.4668245,4.6477,3.3,3.27,2.59,2.46,Snap,Auto slope,
239,24,9,Norwest 553,HW418,0HW418_2.csv,0.6619,3.1317,0.60775658,7.7051,2.72,2.81,2.13,2.17,Snap,Auto slope,
240,24,10,Norwest 553,HW418,0HW418_2.csv,1.1581,5.3409,1.06336742,6.0641,2.88,2.94,2.22,2.38,Crush,Auto slope,
241,25,1,OR2160011R,HW115,0HW115_2.csv,2.0407,7.4674,1.87377074,5.331,3.39,3.46,2.81,2.68,Splinter,Auto slope,"2nd node tested, low node had too short of span."
242,25,2,OR2160011R,HW115,0HW115_2.csv,2.9289,10.4285,2.68931598,5.1342,3.7,3.6,3.04,2.97,Snap,Auto slope,"2nd node tested, low node had too short of span."
243,25,3,OR2160011R,HW115,0HW115_2.csv,3.1577,11.5174,2.89940014,4.7657,3.92,4.03,2.86,2.79,Snap,Auto slope,"2nd node tested, low node had too short of span."
244,25,4,OR2160011R,HW115,0HW115_2.csv,1.6583,7.8188,1.52265106,6.7248,3.38,3.39,2.83,2.76,Splinter,Auto slope,
245,25,5,OR2160011R,HW115,0HW115_2.csv,1.8744,9.0887,1.72107408,6.3436,3.41,3.36,2.59,2.68,Snap,Auto slope,
246,25,6,OR2160011R,HW115,0HW115_2.csv,2.221,8.4869,2.0393222,5.5116,3.5,3.52,2.72,2.62,Splinter,Auto slope,
247,25,7,OR2160011R,HW115,0HW115_2.csv,1.5215,7.3397,1.3970413,7.4523,3.52,3.29,2.56,2.57,Splinter,Auto slope,Splintering is surprisingly common in this HW variety. Splintering was extrememly rare in all CF varieties. 
248,25,8,OR2160011R,HW115,0HW115_2.csv,1.1767,4.9158,1.08044594,5.8888,2.96,2.85,2.44,2.34,Snap,Auto slope,
249,25,9,OR2160011R,HW115,0HW115_2.csv,1.1562,4.2304,1.06162284,4.2048,2.88,3.1,2.45,2.55,Snap,Auto slope,
250,25,10,OR2160011R,HW115,0HW115_2.csv,0.3714,1.6613,0.34101948,5.0804,2.22,2.43,2.26,2.4,Snap,Auto slope,
251,26,1,OR2160011R,HW218,0HW218_2.csv,2.3534,9.9607,2.16089188,5.7714,3.64,3.7,2.86,2.86,Crush,Auto slope,
252,26,2,OR2160011R,HW218,0HW218_2.csv,2.267,8.6442,2.0815594,4.9161,3.35,3.39,2.99,2.69,Crush,Auto slope,
253,26,3,OR2160011R,HW218,0HW218_2.csv,2.2424,9.2069,2.05897168,5.3058,3.39,3.46,2.93,2.66,Crush,Auto slope,
254,26,4,OR2160011R,HW218,0HW218_2.csv,1.8127,7.8226,1.66442114,5.2696,3.07,3.14,2.54,2.52,Snap,Auto slope,
255,26,5,OR2160011R,HW218,0HW218_2.csv,1.0561,5.3951,0.96971102,7.9188,2.86,2.91,2.38,2.52,Splinter,Auto slope,
256,26,6,OR2160011R,HW218,0HW218_2.csv,1.5129,6.855,1.38914478,6.1409,3.08,3.05,2.43,2.42,Snap,Auto slope,
257,26,7,OR2160011R,HW218,0HW218_2.csv,1.2276,5.7319,1.12718232,7.0334,2.98,2.98,2.51,2.39,Snap,Auto slope,
258,26,8,OR2160011R,HW218,0HW218_2.csv,0.9409,4.7831,0.86393438,6.7078,2.7,2.8,2.09,2.29,Crush,Auto slope,
259,26,9,OR2160011R,HW218,0HW218_2.csv,0.7186,3.5352,0.65981852,7.1339,2.54,2.46,2.09,2.2,Snap,Auto slope,
260,26,10,OR2160011R,HW218,0HW218_2.csv,1.2406,6.2444,1.13911892,7.4962,3.05,3.18,2.62,2.67,Crush,Auto slope,
261,27,1,OR2160011R,HW309,0HW309_2.csv,1.8672,6.8288,1.71446304,4.6966,3.6,3.58,3.01,3.04,Snap,Auto slope,
262,27,2,OR2160011R,HW309,0HW309_2.csv,3.3474,14.6714,3.07358268,5.8261,3.84,3.97,2.73,2.81,Crush,Auto slope,
263,27,3,OR2160011R,HW309,0HW309_2.csv,1.6519,6.8208,1.51677458,5.288,3.28,3.43,2.59,2.88,Snap,Auto slope,
264,27,4,OR2160011R,HW309,0HW309_2.csv,2.5067,8.6628,2.30165194,4.5895,3.33,3.42,2.62,2.56,Crush,Auto slope,
265,27,5,OR2160011R,HW309,0HW309_2.csv,2.1532,7.8379,1.97706824,4.0253,3.31,3.33,2.49,2.69,Snap,Auto slope,
266,27,6,OR2160011R,HW309,0HW309_2.csv,2.0261,10.1573,1.86036502,7.9617,3.2,3.26,2.52,2.54,Snap,Auto slope,
267,27,7,OR2160011R,HW309,0HW309_2.csv,0.9332,3.8477,0.85686424,5.2573,2.8,2.84,2.5,2.48,Snap,Auto slope,
268,27,8,OR2160011R,HW309,0HW309_2.csv,0.9641,4.3287,0.88523662,6.6724,2.63,2.71,2.19,2.39,Snap,Auto slope,
269,27,9,OR2160011R,HW309,0HW309_2.csv,0.6367,3.3076,0.58461794,7.2771,2.64,2.74,2.11,2.35,Crush,Auto slope,
270,27,10,OR2160011R,HW309,0HW309_2.csv,0.3201,1.9157,0.29391582,7.9211,2.07,2.33,1.96,2.15,Unclear,Auto slope,
271,28,1,OR2160011R,HW416,0HW416_2.csv,2.836,11.0642,2.6040152,4.4186,3.69,3.81,2.7,2.84,Snap,Auto slope,
272,28,2,OR2160011R,HW416,0HW416_2.csv,2.3631,8.7302,2.16979842,5.1864,3.7,3.68,2.89,2.82,Crush,Auto slope,
273,28,3,OR2160011R,HW416,0HW416_2.csv,2.4703,8.8537,2.26822946,4.8985,3.6,3.59,2.98,2.79,Snap,Auto slope,
274,28,4,OR2160011R,HW416,0HW416_2.csv,2.3278,9.931,2.13738596,6.6464,3.59,3.6,2.96,2.97,Crush,Auto slope,
275,28,5,OR2160011R,HW416,0HW416_2.csv,1.2505,6.0898,1.1482091,7.177,3.05,3.21,2.37,2.69,Crush,Auto slope,
276,28,6,OR2160011R,HW416,0HW416_2.csv,1.8553,7.6872,1.70353646,5.318,3.35,3.27,2.61,2.53,Crush,Auto slope,
277,28,7,OR2160011R,HW416,0HW416_2.csv,1.6953,7.769,1.55662446,6.6353,3.43,3.22,2.6,2.62,Crush,Auto slope,
278,28,8,OR2160011R,HW416,0HW416_2.csv,2.5535,9.425,2.3446237,4.6065,3.56,3.44,2.75,2.5,Snap,Auto slope,
279,28,9,OR2160011R,HW416,0HW416_2.csv,1.7389,7.0662,1.59665798,5.179,3.29,3.12,2.63,2.48,Snap,Auto slope,
280,28,10,OR2160011R,HW416,0HW416_2.csv,1.1523,5.6241,1.05804186,7.1256,3.05,3.01,2.37,2.33,Crush,Auto slope,
281,29,1,Purl,SW104,0SW104_2.csv,3.5438,11.1506,3.25391716,3.7615,3.78,3.74,3.02,2.9,Snap,Auto slope,
282,29,2,Purl,SW104,0SW104_2.csv,2.805,11.615,2.575551,5.5529,3.73,3.61,2.89,2.98,Snap,Auto slope,
283,29,3,Purl,SW104,0SW104_2.csv,3.4169,12.5233,3.13739758,5.0527,3.75,3.72,2.79,2.77,Snap,Auto slope,
284,29,4,Purl,SW104,0SW104_2.csv,3.0886,12.5981,2.83595252,5.5558,3.72,3.55,2.94,2.77,Snap,Auto slope,
285,29,5,Purl,SW104,0SW104_2.csv,2.2923,8.0495,2.10478986,4.9259,3.58,3.49,2.71,2.55,Snap,Auto slope,
286,29,6,Purl,SW104,0SW104_2.csv,1.4088,6.665,1.29356016,6.174,2.94,3.13,2.46,2.6,Crush,Auto slope,
287,29,7,Purl,SW104,0SW104_2.csv,1.9751,7.8138,1.81353682,5.1623,3.27,3.3,2.53,2.75,Crush,Auto slope,
288,29,8,Purl,SW104,0SW104_2.csv,2.1023,6.3605,1.93033186,4.6084,3.42,3.32,2.77,2.73,Snap,Auto slope,
289,29,9,Purl,SW104,0SW104_2.csv,3.8739,12.3493,3.55701498,3.5743,3.92,3.93,3.01,2.98,Snap,Auto slope,
290,29,10,Purl,SW104,0SW104_2.csv,3.5274,12.1399,3.23885868,4.104,3.67,3.75,3.05,2.78,Snap,Auto slope,
291,30,1,Purl,SW226,0SW226_2.csv,2.8993,11.3542,2.66213726,4.6317,3.65,3.76,2.91,2.81,Snap,Auto slope,
292,30,2,Purl,SW226,0SW226_2.csv,3.7159,13.7767,3.41193938,5.2456,3.95,3.82,2.99,2.87,Snap,Auto slope,
293,30,3,Purl,SW226,0SW226_2.csv,2.5112,11.349,2.30578384,6.6366,3.57,3.52,2.65,2.69,Crush,Auto slope,"Crush above node, typical."
294,30,4,Purl,SW226,0SW226_2.csv,1.7972,7.2763,1.65018904,6.4432,3.31,3.32,2.74,2.88,Snap,Auto slope,
295,30,5,Purl,SW226,0SW226_2.csv,2.4572,10.434,2.25620104,6.2405,3.44,3.49,2.61,2.61,Crush,Auto slope,"Crush above node, typical."
296,30,6,Purl,SW226,0SW226_2.csv,1.6971,7.6579,1.55827722,6.135,3.18,3.26,2.67,2.83,Snap,Auto slope,
297,30,7,Purl,SW226,0SW226_2.csv,1.024,5.1318,0.9402368,6.8044,2.87,2.9,2.45,2.35,Snap,Auto slope,
298,30,8,Purl,SW226,0SW226_2.csv,1.4872,6.3931,1.36554704,5.1684,3.45,3.27,2.69,2.49,Snap,Auto slope,
299,30,9,Purl,SW226,0SW226_2.csv,1.129,5.3168,1.0366478,5.9129,2.9,2.94,2.15,2.39,Crush,Auto slope,"Crush above node, typical."
300,30,10,Purl,SW226,0SW226_2.csv,1.1927,4.8395,1.09513714,5.5262,3.19,2.91,2.69,2.56,Crush,Auto slope,"Crush above node, typical."
301,31,1,Purl,SW334,0SW334_2.csv,2.6155,9.7257,2.4015521,4.2318,3.65,3.69,2.66,2.71,Snap,Auto slope,
302,31,2,Purl,SW334,0SW334_2.csv,2.4284,10.8039,2.22975688,5.9121,3.69,3.53,2.83,2.8,Snap,Auto slope,
303,31,3,Purl,SW334,0SW334_2.csv,2.9554,11.4863,2.71364828,5.8085,3.82,3.78,2.81,2.9,Snap,Auto slope,
304,31,4,Purl,SW334,0SW334_2.csv,2.979,8.7207,2.7353178,3.1786,3.62,3.63,2.72,2.83,Snap,Auto slope,
305,31,5,Purl,SW334,0SW334_2.csv,2.3328,10.224,2.14197696,5.7179,3.4,3.43,2.57,2.62,Snap,Auto slope,
306,31,6,Purl,SW334,0SW334_2.csv,1.769,9.3849,1.6242958,8.0054,3.4,3.4,2.46,2.58,Snap,Auto slope,
307,31,7,Purl,SW334,0SW334_2.csv,1.7671,7.8442,1.62255122,6.3762,3.32,3.32,2.62,2.48,Snap,Auto slope,
308,31,8,Purl,SW334,0SW334_2.csv,0.9581,5.0443,0.87972742,7.0691,2.88,2.77,2.41,2.33,Crush,Auto slope,Crush below node.
309,31,9,Purl,SW334,0SW334_2.csv,1.3439,7.4945,1.23396898,9.0059,2.99,3,2.33,2.31,Snap,Auto slope,
310,31,10,Purl,SW334,0SW334_2.csv,1.4716,7.01,1.35122312,6.8378,2.98,2.99,2.23,2.38,Snap,Auto slope,
311,32,1,Purl,SW429,0SW429_2.csv,3.2929,11.1212,3.02354078,4.2711,3.96,3.93,2.94,2.76,Snap,Auto slope,
312,32,2,Purl,SW429,0SW429_2.csv,4.345,15.5138,3.989579,4.3342,3.99,3.92,3.07,2.93,Snap,Auto slope,"Balooned morphology actually seems to lead to weaker stem, relative to diameter."
313,32,3,Purl,SW429,0SW429_2.csv,3.3158,11.9271,3.04456756,5.2448,3.85,3.86,2.97,2.83,Snap,Auto slope,
314,32,4,Purl,SW429,0SW429_2.csv,1.3746,6.653,1.26215772,6.3118,2.93,2.98,2.54,2.58,Snap,Auto slope,
315,32,5,Purl,SW429,0SW429_2.csv,2.0072,8.5721,1.84301104,5.3622,3.1,3.15,2.47,2.47,Crush,Auto slope,Crushed above node.
316,32,6,Purl,SW429,0SW429_2.csv,2.4691,8.691,2.26712762,5.1231,3.41,3.41,2.64,2.53,Snap,Auto slope,
317,32,7,Purl,SW429,0SW429_2.csv,3.8217,15.1137,3.50908494,5.0279,3.99,3.83,2.95,2.84,Snap,Auto slope,
318,32,8,Purl,SW429,0SW429_2.csv,2.6188,7.5655,2.40458216,4.6315,3.57,3.46,2.69,2.58,Crush,Auto slope,Crushed above node.
319,32,9,Purl,SW429,0SW429_2.csv,1.7365,7.3007,1.5944543,5.3983,3.4,3.27,2.5,2.49,Snap,Auto slope,
320,32,10,Purl,SW429,0SW429_2.csv,1.5417,6.9009,1.41558894,5.0805,2.96,2.95,2.21,2.19,Snap,Auto slope,
321,33,1,Seeding Error,SW201,0SW201_2.csv,3.0292,12.7436,2.78141144,5.4123,3.93,3.74,2.87,2.79,Snap,Auto slope,
322,33,2,Seeding Error,SW201,0SW201_2.csv,1.4134,5.2807,1.29778388,4.7452,3.17,3.21,2.54,2.48,Snap,Auto slope,
323,33,3,Seeding Error,SW201,0SW201_2.csv,0.7985,3.5467,0.7331827,6.7578,2.97,3.15,2.52,2.57,Crush,Auto slope,
324,33,4,Seeding Error,SW201,0SW201_2.csv,1.8278,7.4738,1.67828596,5.9914,3.22,3.24,2.7,2.54,Snap,Auto slope,
325,33,5,Seeding Error,SW201,0SW201_2.csv,1.6416,5.7852,1.50731712,5.8322,3.32,3.34,2.56,2.69,Crush,Auto slope,
326,33,6,Seeding Error,SW201,0SW201_2.csv,2.1677,8.7827,1.99038214,5.3031,3.54,3.45,2.6,2.44,Snap,Auto slope,
327,33,7,Seeding Error,SW201,0SW201_2.csv,1.6159,7.0794,1.48371938,6.6607,3.41,3.53,2.48,2.64,Snap,Auto slope,
328,33,8,Seeding Error,SW201,0SW201_2.csv,0.6947,3.4272,0.63787354,6.7834,2.58,2.6,2.15,1.98,Snap,Auto slope,
329,33,9,Seeding Error,SW201,0SW201_2.csv,1.4668,6.1074,1.34681576,5.8573,3.07,3.21,2.39,2.63,Snap,Auto slope,
330,33,10,Seeding Error,SW201,0SW201_2.csv,2.0938,9.2134,1.92252716,6.9146,3.33,3.36,2.5,2.64,Crush,Auto slope,
331,34,1,Stephens,CF141,0CF141_2.csv,2.6419,8.1699,2.42579258,3.54288,3.43,3.22,2.65,2.63,Snap,Auto slope,
332,34,2,Stephens,CF141,0CF141_2.csv,0.8995,4.0917,0.8259209,6.09506,2.65,2.65,2.19,2.25,Snap,Auto slope,
333,34,3,Stephens,CF141,0CF141_2.csv,2.5405,8.4416,2.3326871,3.56172,3.82,3.66,2.92,2.92,Crush,Auto slope,
334,34,4,Stephens,CF141,0CF141_2.csv,2.4392,8.4923,2.23967344,4.1168,3.23,3.23,2.61,2.49,Snap,Auto slope,
335,34,5,Stephens,CF141,0CF141_2.csv,1.4325,6.1662,1.3153215,5.11116,3.04,3.06,2.29,2.58,Snap,Auto slope,
336,34,6,Stephens,CF141,0CF141_2.csv,0.6782,3.2688,0.62272324,5.91581,2.57,2.37,2.28,1.84,Snap,Auto slope,
337,34,7,Stephens,CF141,0CF141_2.csv,2.2663,8.1153,2.08091666,4.26558,3.65,3.84,2.74,2.75,Snap,Auto slope,
338,34,8,Stephens,CF141,0CF141_2.csv,2.3498,6.5143,2.15758636,3.71721,3.41,3.41,2.89,2.89,Snap,Auto slope,
339,34,9,Stephens,CF141,0CF141_2.csv,2.9124,7.2357,2.67416568,2.64906,3.61,3.83,2.62,2.53,Snap,Auto slope,
340,34,10,Stephens,CF141,0CF141_2.csv,0.9301,4.0876,0.85401782,5.05133,2.52,2.52,2.07,2.04,Snap,Auto slope,
341,35,1,Stephens,CF247,0CF247_2.csv,0.3944,1.9676,0.36213808,5.6453,2.66,2.51,2.13,2.04,Snap,Auto slope,
342,35,2,Stephens,CF247,0CF247_2.csv,2.6094,7.7353,2.39595108,4.8215,3.41,3.44,2.7,2.67,Crush,Auto slope,
343,35,3,Stephens,CF247,0CF247_2.csv,2.1635,7.5905,1.9865257,4.6242,3.39,3.3,2.6,2.54,Snap,Auto slope,
344,35,4,Stephens,CF247,0CF247_2.csv,3.7456,13.4505,3.43920992,4.429,3.53,3.54,2.8,2.77,Snap,Auto slope,"In this case, the stiffness slope is 3.7456 N/mm, the Auto Slope"
345,35,5,Stephens,CF247,0CF247_2.csv,2.4395,7.9774,2.2399489,3.5184,3.32,3.3,2.5,2.5,Snap,Auto slope,Snapped mid-node
346,35,6,Stephens,CF247,0CF247_2.csv,2.632,10.3219,2.4167024,4.9415,3.62,3.59,2.6,2.62,Snap,Auto slope,"In this case, the stiffness slope is 2.632 N/mm, the Auto Slope"
347,35,7,Stephens,CF247,0CF247_2.csv,1.382,6.3449,1.2689524,6.2323,3,2.99,2.27,2.41,Snap,Auto slope,
348,35,8,Stephens,CF247,0CF247_2.csv,1.4161,5.8988,1.30026302,5.6475,3.02,2.99,2.46,2.37,Snap,Auto slope,
349,35,9,Stephens,CF247,0CF247_2.csv,1.733,6.4549,1.5912406,5.0446,3.14,2.93,2.72,2.47,Crush,Auto slope,
350,35,10,Stephens,CF247,0CF247_2.csv,2.2418,9.7345,2.05842076,6.2142,3.5,3.64,2.72,2.97,Crush,Auto slope,"In this case, the stiffness slope is 2.2418 N/mm, the Auto Slope"
351,36,1,Stephens,CF351,0CF351_2.csv,1.0116,4.2776,0.92885112,5.01423,2.68,2.73,2.3,2.02,Snap,Auto slope,Snapped mid-node
352,36,2,Stephens,CF351,0CF351_2.csv,1.1715,5.5959,1.0756713,6.13589,2.8,2.84,2.09,2.27,Snap,Auto slope,
353,36,3,Stephens,CF351,0CF351_2.csv,0.5141,2.6355,0.47204662,6.85385,2.37,2.6,1.86,2.24,Crush,Auto slope,
354,36,4,Stephens,CF351,0CF351_2.csv,3.0408,12.1156,2.79206256,5.27302,3.45,3.47,2.61,2.53,Snap,Auto slope,
355,36,5,Stephens,CF351,0CF351_2.csv,1.5311,6.8686,1.40585602,6.15095,3.04,3.03,2.14,2.39,Snap,Auto slope,
356,36,6,Stephens,CF351,0CF351_2.csv,0.8248,3.3168,0.75733136,4.55054,2.55,2.55,2.15,1.96,Crush,Auto slope,
357,36,7,Stephens,CF351,0CF351_2.csv,0.6491,3.2756,0.59600362,7.69604,2.66,2.69,2.1,1.99,Crush,Auto slope,
358,36,8,Stephens,CF351,0CF351_2.csv,1.5115,6.3836,1.3878593,5.15648,3.04,3.13,2.36,2.44,Snap,Auto slope,
359,36,9,Stephens,CF351,0CF351_2.csv,3.7627,11.1953,3.45491114,3.16668,3.59,3.48,2.8,2.53,Snap,Auto slope,
360,36,10,Stephens,CF351,0CF351_2.csv,0.5658,2.7178,0.51951756,5.21815,2.32,2.41,1.93,1.93,Snap,Auto slope,
361,37,1,Stingray CL+,CF149,0CF149_2.csv,3.6269,11.3543,3.33021958,3.6429,4.01,4.01,3.2,3.05,Snap,Auto slope,
362,37,2,Stingray CL+,CF149,0CF149_2.csv,4.2376,15.055,3.89096432,4.8105,4.03,3.92,3.28,3.04,Snap,Auto slope,
363,37,3,Stingray CL+,CF149,0CF149_2.csv,1.8408,7.7132,1.69022256,5.6973,3.29,3.33,2.72,2.84,Crush,Auto slope,
364,37,4,Stingray CL+,CF149,0CF149_2.csv,1.3515,5.4457,1.2409473,4.8741,3.08,3.09,2.51,2.5,Snap,2nd lowest,
365,37,5,Stingray CL+,CF149,0CF149_2.csv,2.3316,7.1958,2.14087512,3.4795,3.66,3.66,2.87,2.82,Snap,Auto slope,
366,37,6,Stingray CL+,CF149,0CF149_2.csv,2.7841,9.4507,2.55636062,4.2625,3.72,3.78,2.89,2.97,Snap,2nd lowest,
367,37,7,Stingray CL+,CF149,0CF149_2.csv,1.82,6.7944,1.671124,5.1785,3.5,3.5,2.72,2.87,Snap,2nd lowest,
368,37,8,Stingray CL+,CF149,0CF149_2.csv,2.0255,5.7852,1.8598141,4.9128,3.39,3.39,2.53,2.56,Snap,Auto slope,
369,37,9,Stingray CL+,CF149,0CF149_2.csv,0.8787,3.5583,0.80682234,4.5604,2.85,2.85,2.23,2.3,Snap,Auto slope,
370,37,10,Stingray CL+,CF149,0CF149_2.csv,1.5437,6.5468,1.41742534,5.6666,3.3,3.47,2.44,2.8,Snap,Auto slope,
371,38,1,Stingray CL+,CF249,0CF249_2.csv,3.3359,12.1684,3.06302338,4.3193,3.77,3.73,2.87,2.94,Snap,Auto slope,
372,38,2,Stingray CL+,CF249,0CF249_2.csv,4.09,14.6573,3.755438,4.329,4.24,4.28,3.19,3.34,Snap,Auto slope,
373,38,3,Stingray CL+,CF249,0CF249_2.csv,4.3441,15.0837,3.98875262,5.1862,3.85,3.87,3.01,2.95,Snap,Auto slope,
374,38,4,Stingray CL+,CF249,0CF249_2.csv,4.0445,11.7212,3.7136599,3.3796,3.8,3.79,2.89,2.85,Snap,Auto slope,
375,38,5,Stingray CL+,CF249,0CF249_2.csv,2.2986,9.0413,2.11057452,5.3066,3.45,3.45,2.84,2.74,Snap,Auto slope,
376,38,6,Stingray CL+,CF249,0CF249_2.csv,4.1397,9.8162,3.80107254,2.5549,4.03,3.95,3.14,3,Snap,Auto slope,
377,38,7,Stingray CL+,CF249,0CF249_2.csv,4.4009,13.2749,4.04090638,3.3548,3.66,3.66,3.07,2.96,Snap,Auto slope,
378,38,8,Stingray CL+,CF249,0CF249_2.csv,2.8977,9.8448,2.66066814,4.4916,3.57,3.57,2.89,2.73,Snap,Auto slope,
379,38,9,Stingray CL+,CF249,0CF249_2.csv,1.4005,6.0144,1.2859391,5.42,3.09,3.22,2.58,2.61,Crush,Auto slope,
380,38,10,Stingray CL+,CF249,0CF249_2.csv,0.9568,5.1328,0.87853376,7.6017,2.67,2.72,2.12,2.27,Crush,Auto slope,
381,39,1,Stingray CL+,CF352,0CF352_2.csv,4.2962,12.9073,3.94477084,4.04031,4,3.98,3.15,3.24,Crush,Auto slope,"In this case, the stiffness slope is 4.2962 N/mm, the Auto Slope"
382,39,2,Stingray CL+,CF352,0CF352_2.csv,1.0375,3.8885,0.9526325,6.265,2.86,2.82,2.31,2.39,Snap,Auto slope,
383,39,3,Stingray CL+,CF352,0CF352_2.csv,2.5897,9.7418,2.37786254,5.10989,3.61,3.74,2.96,3.02,Unclear,Auto slope,"Break type was a sp[lit along the stem, propogating from the cut tip, which was very near the fixture. While this would typiclly be grounds for rejecting the data, the second (higher) node was tested with very similar results (snap break), and so the first (lowest testable) node data was kept."
384,39,4,Stingray CL+,CF352,0CF352_2.csv,3.076,11.0391,2.8243832,3.95303,3.65,3.66,2.78,2.75,Snap,Auto slope,"In this case, the stiffness slope is 3.0760 N/mm, the Auto Slope"
385,39,5,Stingray CL+,CF352,0CF352_2.csv,1.127,5.1103,1.0348114,5.97798,3.06,3.08,2.45,2.53,Crush,Auto slope,
386,39,6,Stingray CL+,CF352,0CF352_2.csv,3.2834,8.7501,3.01481788,3.29939,3.74,3.89,3.01,2.74,Snap,Auto slope,
387,39,7,Stingray CL+,CF352,0CF352_2.csv,1.0447,4.429,0.95924354,5.18741,2.98,3.08,2.34,2.55,Snap,Auto slope,
388,39,8,Stingray CL+,CF352,0CF352_2.csv,1.9402,4.9506,1.78149164,2.65028,3.43,3.4,2.61,2.46,Snap,Auto slope,
389,39,9,Stingray CL+,CF352,0CF352_2.csv,2.9932,7.525,2.74835624,3.02508,3.62,3.56,2.72,2.8,Snap,Auto slope,"In this case, the stiffness slope is 2.9932 N/mm, the Auto Slope"
390,39,10,Stingray CL+,CF352,0CF352_2.csv,2.1048,8.3477,1.93262736,4.78146,3.27,3.19,2.35,2.16,Snap,Auto slope,
391,40,1,Stingray CL+,CF447,0CF447_2.csv,3.6107,13.3661,3.31534474,4.4524,3.75,3.84,2.93,2.94,Crush,Auto slope,
392,40,2,Stingray CL+,CF447,0CF447_2.csv,2.8981,10.5185,2.66103542,5.5622,3.77,3.62,3.03,2.52,Snap,Auto slope,
393,40,3,Stingray CL+,CF447,0CF447_2.csv,2.9391,10.3449,2.69868162,4.2632,3.39,3.46,2.59,2.67,Snap,Auto slope,
394,40,4,Stingray CL+,CF447,0CF447_2.csv,2.1656,7.914,1.98845392,4.0653,3.29,3.29,2.51,2.58,Snap,Auto slope,
395,40,5,Stingray CL+,CF447,0CF447_2.csv,2.4096,6.1085,2.21249472,2.6956,3.48,3.48,2.71,2.55,Snap,Auto slope,
396,40,6,Stingray CL+,CF447,0CF447_2.csv,1.78175,8.5312,1.63600285,5.9859,3.44,3.41,2.61,2.67,Crush,Average all,
397,40,7,Stingray CL+,CF447,0CF447_2.csv,1.5266,6.9106,1.40172412,5.7871,3.21,3.21,2.49,2.52,Snap,Auto slope,
398,40,8,Stingray CL+,CF447,0CF447_2.csv,2.1627,8.9925,1.98579114,4.5559,3.3,3.32,2.5,2.63,Snap,Auto slope,
399,40,9,Stingray CL+,CF447,0CF447_2.csv,0.9221,4.274,0.84667222,5.2869,2.8,2.81,2.3,2.4,Snap,Auto slope,
400,40,10,Stingray CL+,CF447,0CF447_2.csv,1.1255,3.3683,1.0334341,5.3894,2.75,2.75,2.34,2.34,Snap,Auto slope,
401,41,1,UI Magic CL+,CF145,0CF145_2.csv,0.8433,3.7377,0.77431806,5.937,2.53,2.53,2.26,2.03,Snap,2nd lowest,
402,41,2,UI Magic CL+,CF145,0CF145_2.csv,1.8597,8.6239,1.70757654,6.1164,3.3,3.2,2.39,2.44,Snap,2nd lowest,
403,41,3,UI Magic CL+,CF145,0CF145_2.csv,1.3136,5.1863,1.20614752,4.4666,2.89,3.02,2.24,2.42,Snap,Auto slope,"In this case, the stiffness slope is 1.3136 N/mm, the Auto Slope"
404,41,4,UI Magic CL+,CF145,0CF145_2.csv,1.3341,5.7745,1.22497062,6.4618,2.87,2.91,2.36,2.3,Snap,Auto slope,"In this case, the stiffness slope is 1.3341 N/mm, the Auto Slope"
405,41,5,UI Magic CL+,CF145,0CF145_2.csv,1.7448625,6.316,1.602132748,4.4901,3.14,3.17,2.58,2.65,Snap,Average all,Average the slopes.
406,41,6,UI Magic CL+,CF145,0CF145_2.csv,2.489,9.4405,2.2853998,4.056,3.56,3.46,2.54,2.71,Snap,2nd lowest,
407,41,7,UI Magic CL+,CF145,0CF145_2.csv,0.7459,3.153,0.68488538,4.5594,2.6,2.6,1.99,2.17,Snap,2nd lowest,
408,41,8,UI Magic CL+,CF145,0CF145_2.csv,1.6543,6.7543,1.51897826,4.7545,3.01,3.01,2.36,2.16,Snap,Auto slope,"In this case, the stiffness slope is 1.6543 N/mm, the Auto Slope"
409,41,9,UI Magic CL+,CF145,0CF145_2.csv,2.9157,10.0032,2.67719574,4.0022,3.62,3.52,2.8,2.7,Snap,Auto slope,"In this case, the stiffness slope is 2.9157 N/mm, the Auto Slope"
410,41,10,UI Magic CL+,CF145,0CF145_2.csv,2.2407,7.1852,2.05741074,4.2671,3.36,3.4,2.83,2.57,Snap,2nd lowest,
411,42,1,UI Magic CL+,CF245,0CF245_2.csv,1.5369,4.5326,1.41118158,3.1276,2.97,3.03,2.37,2.23,Snap,Auto slope,
412,42,2,UI Magic CL+,CF245,0CF245_2.csv,1.4386,5.0959,1.32092252,4.7076,3,2.84,2.48,2.16,Snap,Auto slope,
413,42,3,UI Magic CL+,CF245,0CF245_2.csv,1.8673,7.4887,1.71455486,4.7285,3.05,3.1,2.67,2.47,Snap,Auto slope,
414,42,4,UI Magic CL+,CF245,0CF245_2.csv,1.7168,7.8451,1.57636576,6.458,3.04,3.18,2.4,2.63,Snap,Auto slope,
415,42,5,UI Magic CL+,CF245,0CF245_2.csv,2.6154,8.0848,2.40146028,3.7556,3.62,3.52,2.88,2.53,Snap,Auto slope,
416,42,6,UI Magic CL+,CF245,0CF245_2.csv,1.3867,4.5875,1.27326794,3.4956,3,3.01,2.32,2.4,Snap,Auto slope,
417,42,7,UI Magic CL+,CF245,0CF245_2.csv,1.2067,5.5943,1.10799194,5.5884,2.76,2.76,2.19,2.34,Crush,Auto slope,
418,42,8,UI Magic CL+,CF245,0CF245_2.csv,0.6454,2.4303,0.59260628,4.0677,2.76,2.8,2.04,2.17,Snap,Auto slope,
419,42,9,UI Magic CL+,CF245,0CF245_2.csv,1.1977,5.2553,1.09972814,5.5192,2.92,2.82,2.1,2.3,Snap,Auto slope,
420,42,10,UI Magic CL+,CF245,0CF245_2.csv,1.1027,5.6008,1.01249914,7.3506,2.7,2.77,2.11,2.24,Snap,Auto slope,
421,43,1,UI Magic CL+,CF341,0CF341_2.csv,2.2558,9.5251,2.07127556,5.5414,3.46,3.46,2.38,2.51,Snap,Auto slope,
422,43,2,UI Magic CL+,CF341,0CF341_2.csv,1.2922,4.9323,1.18649804,4.9753,3.15,3.14,2.36,2.28,Snap,Auto slope,
423,43,3,UI Magic CL+,CF341,0CF341_2.csv,2.0764,6.6637,1.90655048,4.196,3.27,3.23,2.64,2.51,Snap,Auto slope,
424,43,4,UI Magic CL+,CF341,0CF341_2.csv,2.1338,9.0327,1.95925516,5.4467,3.5,3.38,2.34,2.45,Snap,Auto slope,
425,43,5,UI Magic CL+,CF341,0CF341_2.csv,1.5593,7.2803,1.43174926,6.6833,3.32,3.29,2.33,2.46,Snap,Auto slope,
426,43,6,UI Magic CL+,CF341,0CF341_2.csv,2.1217,9.2814,1.94814494,5.4367,3.49,3.53,2.47,2.47,Snap,Auto slope,
427,43,7,UI Magic CL+,CF341,0CF341_2.csv,2.304,8.8419,2.1155328,4.6538,3.27,3.29,2.34,2.27,Snap,Auto slope,
428,43,8,UI Magic CL+,CF341,0CF341_2.csv,0.6432,2.1678,0.59058624,3.5583,2.39,2.5,2,2.2,Snap,Auto slope,
429,43,9,UI Magic CL+,CF341,0CF341_2.csv,1.2343,5.7931,1.13333426,6.296,2.98,3.01,2.06,2.16,Snap,Auto slope,
430,43,10,UI Magic CL+,CF341,0CF341_2.csv,0.85,4.2769,0.78047,6.9093,2.49,2.52,1.98,2.04,Crush,Auto slope,
431,44,1,UI Magic CL+,CF444,0CF444_2.csv,1.9928,6.1582,1.82978896,3.2922,3.31,3.05,2.67,2.32,Snap,Auto slope,Second node was tested. First testable node was cracked.
432,44,2,UI Magic CL+,CF444,0CF444_2.csv,2.5204,9.7412,2.31423128,4.8452,3.27,3.25,2.55,2.48,Snap,Auto slope,
433,44,3,UI Magic CL+,CF444,0CF444_2.csv,3.9853,9.9738,3.65930246,3.0569,3.74,3.75,2.87,2.81,Snap,Auto slope,"Internode above node, seen through leaf sheath, was brown and possibly disesed. It had a larger upper compared to the lower - this is a trend I've noticed. These nodes tend to be stronger - the disease is beneficial?"
434,44,4,UI Magic CL+,CF444,0CF444_2.csv,2.1064,8.5059,1.93409648,4.8169,3.16,3.2,2.68,2.64,Snap,Auto slope,
435,44,5,UI Magic CL+,CF444,0CF444_2.csv,1.2691,5.6346,1.16528762,5.9359,3.19,3.08,2.44,2.23,Snap,Auto slope,
436,44,6,UI Magic CL+,CF444,0CF444_2.csv,1.3252,4.1519,1.21679864,4.2078,2.89,2.94,2.16,2.37,Snap,Auto slope,
437,44,7,UI Magic CL+,CF444,0CF444_2.csv,1.0593,3.5119,0.97264926,3.673,2.46,2.46,2,1.91,Snap,Auto slope,
438,44,8,UI Magic CL+,CF444,0CF444_2.csv,1.6902,6.962,1.55194164,5.0856,3.06,3.11,2.39,2.35,Snap,Auto slope,
439,44,9,UI Magic CL+,CF444,0CF444_2.csv,1.0613,3.7722,0.97448566,4.1334,2.77,2.71,2.05,2.23,Snap,Auto slope,
440,44,10,UI Magic CL+,CF444,0CF444_2.csv,0.6131,2.9488,0.56294842,6.8179,2.42,2.32,1.89,1.93,Snap,Auto slope,
441,45,1,UIL-17-6451 CL+,CF147,0CF147_2.csv,3.4704,13.3235,3.18652128,4.6732,3.76,3.77,2.94,2.74,Snap,Auto slope,
442,45,2,UIL-17-6451 CL+,CF147,0CF147_2.csv,3.1319,9.8029,2.87571058,3.5329,3.53,3.59,2.67,2.72,Snap,Auto slope,
443,45,3,UIL-17-6451 CL+,CF147,0CF147_2.csv,3.895,12.62,3.576389,3.8737,3.79,3.79,2.9,2.86,Snap,Auto slope,
444,45,4,UIL-17-6451 CL+,CF147,0CF147_2.csv,2.8266,11.6164,2.59538412,5.3634,3.62,3.5,2.91,2.79,Snap,Auto slope,
445,45,5,UIL-17-6451 CL+,CF147,0CF147_2.csv,2.2088,9.3695,2.02812016,4.7396,3.55,3.55,2.94,2.85,Snap,Auto slope,
446,45,6,UIL-17-6451 CL+,CF147,0CF147_2.csv,2.9091,10.1693,2.67113562,6.2037,3.71,3.76,3.08,3.08,Snap,Auto slope,
447,45,7,UIL-17-6451 CL+,CF147,0CF147_2.csv,0.8301625,2.7011,0.762255208,3.3022,2.7,2.77,2.34,2.46,Snap,Average all,
448,45,8,UIL-17-6451 CL+,CF147,0CF147_2.csv,1.2872,5.1077,1.18190704,5.4799,2.93,3.05,2.26,2.52,Snap,2nd lowest,
449,45,9,UIL-17-6451 CL+,CF147,0CF147_2.csv,0.9286,4.4995,0.85264052,6.5591,2.86,2.76,2.16,2.18,Snap,Auto slope,
450,45,10,UIL-17-6451 CL+,CF147,0CF147_2.csv,3.1427,11.4589,2.88562714,4.3609,3.59,3.53,2.83,2.67,Snap,Auto slope,
451,46,1,UIL-17-6451 CL+,CF244,0CF244_2.csv,2.9632,9.7718,2.72081024,4.2911,3.7,3.7,2.94,2.7,Snap,Auto slope,
452,46,2,UIL-17-6451 CL+,CF244,0CF244_2.csv,3.6517,14.8046,3.35299094,5.7243,3.73,3.71,2.85,2.93,Snap,Auto slope,
453,46,3,UIL-17-6451 CL+,CF244,0CF244_2.csv,2.395,10.2433,2.199089,5.2524,3.61,3.66,2.71,2.64,Snap,Auto slope,
454,46,4,UIL-17-6451 CL+,CF244,0CF244_2.csv,2.5444,9.2832,2.33626808,3.9886,3.37,3.43,2.51,2.64,Snap,Auto slope,
455,46,5,UIL-17-6451 CL+,CF244,0CF244_2.csv,1.1073,5.8276,1.01672286,6.9333,2.83,2.95,2.24,2.42,Snap,Auto slope,
456,46,6,UIL-17-6451 CL+,CF244,0CF244_2.csv,1.4564,7.1273,1.33726648,6.1559,3.17,3.18,2.35,2.56,Snap,Auto slope,
457,46,7,UIL-17-6451 CL+,CF244,0CF244_2.csv,1.1687,5.9393,1.07310034,5.9562,3.09,3.17,2.56,2.58,Snap,Auto slope,
458,46,8,UIL-17-6451 CL+,CF244,0CF244_2.csv,1.2303,5.7834,1.12966146,6.2493,3.08,3.15,2.72,2.86,Snap,Auto slope,
459,46,9,UIL-17-6451 CL+,CF244,0CF244_2.csv,0.903,3.6192,0.8291346,6.3873,2.67,2.72,2.27,2.09,Snap,Auto slope,
460,46,10,UIL-17-6451 CL+,CF244,0CF244_2.csv,0.4545,2.8261,0.4173219,8.652,2.45,2.48,1.9,1.98,Crush,Auto slope,
461,47,1,UIL-17-6451 CL+,CF342,0CF342_2.csv,4.2859,16.6669,3.93531338,5.5382,3.99,4,2.98,2.97,Snap,Auto slope,
462,47,2,UIL-17-6451 CL+,CF342,0CF342_2.csv,3.0712,11.9042,2.81997584,5.2697,3.86,3.86,2.59,2.89,Snap,Auto slope,
463,47,3,UIL-17-6451 CL+,CF342,0CF342_2.csv,2.1494,9.6189,1.97357908,6.4955,3.25,3.28,2.37,2.47,Crush,Auto slope,
464,47,4,UIL-17-6451 CL+,CF342,0CF342_2.csv,2.2067,9.8518,2.02619194,6.8049,3.35,3.35,2.69,2.63,Crush,Auto slope,
465,47,5,UIL-17-6451 CL+,CF342,0CF342_2.csv,2.4531,10.0058,2.25243642,5.1869,3.4,3.62,2.75,2.74,Snap,Auto slope,
466,47,6,UIL-17-6451 CL+,CF342,0CF342_2.csv,1.8337,8.4013,1.68370334,7.4074,3.17,3.27,2.1,2.46,Snap,Auto slope,
467,47,7,UIL-17-6451 CL+,CF342,0CF342_2.csv,1.3133,3.7392,1.20587206,4.4462,2.88,2.8,2.37,2.18,Crush,Auto slope,
468,47,8,UIL-17-6451 CL+,CF342,0CF342_2.csv,1.2157,5.5871,1.11625574,5.8449,2.83,2.85,2.55,2.42,Crush,Auto slope,
469,47,9,UIL-17-6451 CL+,CF342,0CF342_2.csv,1.3035,6.8835,1.1968737,7.0919,2.94,2.99,2.3,2.39,Crush,Auto slope,
470,47,10,UIL-17-6451 CL+,CF342,0CF342_2.csv,1.5802,7.3833,1.45093964,6.9931,3.01,3.11,2.27,2.3,Crush,Auto slope,
471,48,1,UIL-17-6451 CL+,CF452,0CF452_2.csv,1.7052,7.179,1.56571464,5.1294,3.17,3.12,2.55,2.59,Snap,Auto slope,"In this case, the stiffness slope is 1.7052 N/mm, the Auto Slope"
472,48,2,UIL-17-6451 CL+,CF452,0CF452_2.csv,3.4641,11.5154,3.18073662,4.5206,3.7,3.75,2.92,2.87,Snap,Auto slope,"In this case, the stiffness slope is 3.4641 N/mm, the Auto Slope"
473,48,3,UIL-17-6451 CL+,CF452,0CF452_2.csv,2.2748,7.1096,2.08872136,4.5094,3.37,3.23,2.47,2.35,Snap,Auto slope,"In this case, the stiffness slope is 2.2748 N/mm, the Auto Slope"
474,48,4,UIL-17-6451 CL+,CF452,0CF452_2.csv,2.8081,13.3571,2.57839742,6.4375,3.66,3.68,2.78,2.86,Snap,Auto slope,"In this case, the stiffness slope is 2.8081 N/mm, the Auto Slope"
475,48,5,UIL-17-6451 CL+,CF452,0CF452_2.csv,0.8602,4.1336,0.78983564,6.1916,2.51,2.53,2.06,2.11,Snap,Auto slope,
476,48,6,UIL-17-6451 CL+,CF452,0CF452_2.csv,1.3827,6.5079,1.26959514,6.4555,3.03,3.09,2.41,2.44,Snap,Auto slope,"In this case, the stiffness slope is 1.3827 N/mm, the Auto Slope"
477,48,7,UIL-17-6451 CL+,CF452,0CF452_2.csv,2.0796,6.9428,1.90948872,5.0035,3.4,3.5,2.61,2.65,Snap,Auto slope,
478,48,8,UIL-17-6451 CL+,CF452,0CF452_2.csv,1.7766,5.2284,1.63127412,3.8331,3.55,3.29,2.69,2.55,Snap,Auto slope,Average the slopes
479,48,9,UIL-17-6451 CL+,CF452,0CF452_2.csv,2.8931,9.9207,2.65644442,4.8285,3.71,3.67,3.04,2.68,Snap,Auto slope,
480,48,10,UIL-17-6451 CL+,CF452,0CF452_2.csv,3.435,12.9487,3.154017,4.6679,3.88,3.8,2.82,3,Snap,Auto slope,"In this case, the stiffness slope is 3.4350 N/mm, the Auto Slope"
481,49,1,WA8305 CL+,CF151,0CF151_2.csv,1.8392,8.6404,1.68875344,6.6919,3.4,3.37,2.55,2.75,Snap,Auto slope,"Minimal cycle force set at 0.2 N. All other samples have  minimum cycle force of 0.33 N. This is to hopefully remove the toe region, of the cyclic node, hopefully improving fit of stiffness slopes without altering the mechicanical outcomes of the experiment."
482,49,2,WA8305 CL+,CF151,0CF151_2.csv,2.5515,8.6942,2.3427873,5.2028,3.55,3.57,2.98,2.98,Crush,2nd lowest,
483,49,3,WA8305 CL+,CF151,0CF151_2.csv,3.3561,10.7932,3.08157102,3.9304,3.73,3.73,2.94,2.94,Snap,Auto slope,
484,49,4,WA8305 CL+,CF151,0CF151_2.csv,3.0373,11.4389,2.78884886,4.5081,3.62,3.58,2.85,2.82,Crush,2nd lowest,
485,49,5,WA8305 CL+,CF151,0CF151_2.csv,2.4267,8.1322,2.22819594,3.5854,3.43,3.42,2.81,2.71,Snap,2nd lowest,
486,49,6,WA8305 CL+,CF151,0CF151_2.csv,1.0499,5.0718,0.96401818,7.0901,3.02,3,2.63,2.61,Snap,2nd lowest,
487,49,7,WA8305 CL+,CF151,0CF151_2.csv,3.2045,12.4052,2.9423719,5.2175,3.6,3.6,2.98,2.69,Snap,Auto slope,
488,49,8,WA8305 CL+,CF151,0CF151_2.csv,0.7164,3.4295,0.65779848,5.8337,2.68,2.51,2.57,2.31,Snap,2nd lowest,
489,49,9,WA8305 CL+,CF151,0CF151_2.csv,1.0881,4.5405,0.99909342,5.1142,2.83,2.84,2.33,2.36,Snap,Auto slope,
490,49,10,WA8305 CL+,CF151,0CF151_2.csv,0.7329,3.627,0.67294878,5.7163,2.61,2.73,2.33,2.51,Snap,Auto slope,
491,50,1,WA8305 CL+,CF246,0CF246_2.csv,2.3312,8.9009,2.14050784,4.936,3.48,3.61,2.73,2.83,Snap,Auto slope,
492,50,2,WA8305 CL+,CF246,0CF246_2.csv,3.2184,11.1721,2.95513488,4.8562,3.67,3.59,3.28,3.07,Snap,Auto slope,
493,50,3,WA8305 CL+,CF246,0CF246_2.csv,3.8414,11.6654,3.52717348,3.8193,3.56,3.68,2.81,2.79,Snap,Auto slope,
494,50,4,WA8305 CL+,CF246,0CF246_2.csv,2.0308,7.8259,1.86468056,5.2811,3.43,3.4,2.74,2.52,Snap,Auto slope,
495,50,5,WA8305 CL+,CF246,0CF246_2.csv,2.0258,6.5259,1.86008956,3.5284,3.27,3.29,2.52,2.56,Snap,Auto slope,
496,50,6,WA8305 CL+,CF246,0CF246_2.csv,2.4138,8.5439,2.21635116,4.1534,3.34,3.35,2.58,2.53,Snap,Auto slope,
497,50,7,WA8305 CL+,CF246,0CF246_2.csv,2.5968,10.5406,2.38438176,5.0839,3.63,3.63,2.62,2.75,Snap,Auto slope,
498,50,8,WA8305 CL+,CF246,0CF246_2.csv,1.219,5.5541,1.1192858,6.2041,2.99,2.99,2.58,2.29,Snap,Auto slope,
499,50,9,WA8305 CL+,CF246,0CF246_2.csv,2.0128,7.4093,1.84815296,4.9929,3.33,3.3,2.83,2.79,Snap,Auto slope,
500,50,10,WA8305 CL+,CF246,0CF246_2.csv,1.0296,4.3981,0.94537872,4.8077,3.01,2.84,2.23,2.4,Crush,Auto slope,
501,51,1,WA8305 CL+,CF349,0CF349_2.csv,2.7499,10.7437,2.52495818,4.4972,3.76,3.57,2.72,2.73,Snap,Auto slope,
502,51,2,WA8305 CL+,CF349,0CF349_2.csv,3.3675,13.2383,3.0920385,5.539,3.61,3.81,2.77,3.66,Snap,Auto slope,
503,51,3,WA8305 CL+,CF349,0CF349_2.csv,1.5878,6.6493,1.45791796,5.5147,3.35,3.28,2.54,2.49,Snap,Auto slope,
504,51,4,WA8305 CL+,CF349,0CF349_2.csv,1.5044,8.5636,1.38134008,8.2952,3.19,3.1,2.58,2.52,Crush,Auto slope,
505,51,5,WA8305 CL+,CF349,0CF349_2.csv,2.8829,11.4309,2.64707878,4.6765,3.53,3.59,2.63,2.76,Snap,Auto slope,
506,51,6,WA8305 CL+,CF349,0CF349_2.csv,1.3194,7.3066,1.21147308,7.6643,3.03,3,2.24,2.34,Snap,Auto slope,
507,51,7,WA8305 CL+,CF349,0CF349_2.csv,1.2497,5.7515,1.14747454,5.9127,2.97,2.92,2.34,2.32,Snap,Auto slope,
508,51,8,WA8305 CL+,CF349,0CF349_2.csv,1.0577,4.7474,0.97118014,5.6501,2.9,2.83,2.17,2.29,Crush,Auto slope,
509,51,9,WA8305 CL+,CF349,0CF349_2.csv,0.7187,3.434,0.65991034,6.9935,2.72,2.5,1.82,2.03,Snap,Auto slope,
510,51,10,WA8305 CL+,CF349,0CF349_2.csv,0.9552,4.6329,0.87706464,6.5695,2.61,2.62,2.02,2.12,Snap,Auto slope,
511,52,1,WA8305 CL+,CF443,0CF443_2.csv,2.9823,8.6973,2.73834786,3.6115,3.76,3.68,3.04,2.86,Snap,Auto slope,"This specimen is beutiful. Tall, nice spread, very handsome specimens. Prior to testing, I have a strong feeling that CF443 (Stingry CL+) will perform very well."
512,52,2,WA8305 CL+,CF443,0CF443_2.csv,2.0051,7.7637,1.84108282,5.262,3.25,3.23,2.72,2.53,Snap,Auto slope,
513,52,3,WA8305 CL+,CF443,0CF443_2.csv,2.6068,10.8245,2.39356376,5.2499,3.54,3.52,2.84,2.89,Snap,Auto slope,
514,52,4,WA8305 CL+,CF443,0CF443_2.csv,1.2355,5.4783,1.1344361,6.5495,3.11,2.91,2.48,2.35,Snap,Auto slope,
515,52,5,WA8305 CL+,CF443,0CF443_2.csv,2.0963,7.8664,1.92482266,4.5718,3.4,3.34,2.54,2.64,Snap,Auto slope,
516,52,6,WA8305 CL+,CF443,0CF443_2.csv,1.5081,5.492,1.38473742,4.5649,3.09,3.05,2.76,2.67,Snap,Auto slope,
517,52,7,WA8305 CL+,CF443,0CF443_2.csv,0.8556,4.3134,0.78561192,6.7723,2.76,2.88,2.25,2.38,Crush,Auto slope,
518,52,8,WA8305 CL+,CF443,0CF443_2.csv,0.9923,4.3396,0.91112986,6.1819,2.75,2.68,2.06,2.02,Crush,Auto slope,
519,52,9,WA8305 CL+,CF443,0CF443_2.csv,1.0626,4.2783,0.97567932,4.685,2.74,2.91,2.26,2.38,Snap,Auto slope,
520,52,10,WA8305 CL+,CF443,0CF443_2.csv,0.9083,3.95,0.83400106,6.7578,2.75,2.68,2.21,2.15,Snap,Auto slope,
