File detail,Height(in.),Fb Bottom Height (in.),Rows,Ave Stem Count,Sample distance (in.),Filename
RAW_HW422_Aug28_0hour_1,9.17,5.689,3,126,40,E:\Backups\GoogleDrive_AgMEQ_03312022\SOCEM\Data - Instron and SOCEM\SOCEM_DATA_2021\August28\cleanRaw\RAW_HW422_Aug28_0hour_1.xlsx
RAW_HW422_Aug28_0hour_10_reverse5,9.17,5.689,3,126,40,E:\Backups\GoogleDrive_AgMEQ_03312022\SOCEM\Data - Instron and SOCEM\SOCEM_DATA_2021\August28\cleanRaw\RAW_HW422_Aug28_0hour_10_reverse5.xlsx
RAW_HW422_Aug28_0hour_11_forward1,9.17,5.689,3,126,40,E:\Backups\GoogleDrive_AgMEQ_03312022\SOCEM\Data - Instron and SOCEM\SOCEM_DATA_2021\August28\cleanRaw\RAW_HW422_Aug28_0hour_11_forward1.xlsx
RAW_HW422_Aug28_0hour_12_forward2,9.17,5.689,3,126,40,E:\Backups\GoogleDrive_AgMEQ_03312022\SOCEM\Data - Instron and SOCEM\SOCEM_DATA_2021\August28\cleanRaw\RAW_HW422_Aug28_0hour_12_forward2.xlsx
RAW_HW422_Aug28_0hour_13_forward3,9.17,5.689,3,126,40,E:\Backups\GoogleDrive_AgMEQ_03312022\SOCEM\Data - Instron and SOCEM\SOCEM_DATA_2021\August28\cleanRaw\RAW_HW422_Aug28_0hour_13_forward3.xlsx
RAW_HW422_Aug28_0hour_14_forward4,9.17,5.689,3,126,40,E:\Backups\GoogleDrive_AgMEQ_03312022\SOCEM\Data - Instron and SOCEM\SOCEM_DATA_2021\August28\cleanRaw\RAW_HW422_Aug28_0hour_14_forward4.xlsx
RAW_HW422_Aug28_0hour_15_forward5,9.17,5.689,3,126,40,E:\Backups\GoogleDrive_AgMEQ_03312022\SOCEM\Data - Instron and SOCEM\SOCEM_DATA_2021\August28\cleanRaw\RAW_HW422_Aug28_0hour_15_forward5.xlsx
RAW_HW422_Aug28_0hour_2,9.17,5.689,3,126,40,E:\Backups\GoogleDrive_AgMEQ_03312022\SOCEM\Data - Instron and SOCEM\SOCEM_DATA_2021\August28\cleanRaw\RAW_HW422_Aug28_0hour_2.xlsx
RAW_HW422_Aug28_0hour_3,9.17,5.689,3,126,40,E:\Backups\GoogleDrive_AgMEQ_03312022\SOCEM\Data - Instron and SOCEM\SOCEM_DATA_2021\August28\cleanRaw\RAW_HW422_Aug28_0hour_3.xlsx
RAW_HW422_Aug28_0hour_4,9.17,5.689,3,126,40,E:\Backups\GoogleDrive_AgMEQ_03312022\SOCEM\Data - Instron and SOCEM\SOCEM_DATA_2021\August28\cleanRaw\RAW_HW422_Aug28_0hour_4.xlsx
RAW_HW422_Aug28_0hour_5,9.17,5.689,3,126,40,E:\Backups\GoogleDrive_AgMEQ_03312022\SOCEM\Data - Instron and SOCEM\SOCEM_DATA_2021\August28\cleanRaw\RAW_HW422_Aug28_0hour_5.xlsx
RAW_HW422_Aug28_0hour_6_reverse1,9.17,5.689,3,126,40,E:\Backups\GoogleDrive_AgMEQ_03312022\SOCEM\Data - Instron and SOCEM\SOCEM_DATA_2021\August28\cleanRaw\RAW_HW422_Aug28_0hour_6_reverse1.xlsx
RAW_HW422_Aug28_0hour_7_reverse2,9.17,5.689,3,126,40,E:\Backups\GoogleDrive_AgMEQ_03312022\SOCEM\Data - Instron and SOCEM\SOCEM_DATA_2021\August28\cleanRaw\RAW_HW422_Aug28_0hour_7_reverse2.xlsx
RAW_HW422_Aug28_0hour_8_reverse3,9.17,5.689,3,126,40,E:\Backups\GoogleDrive_AgMEQ_03312022\SOCEM\Data - Instron and SOCEM\SOCEM_DATA_2021\August28\cleanRaw\RAW_HW422_Aug28_0hour_8_reverse3.xlsx
RAW_HW422_Aug28_0hour_9_reverse4,9.17,5.689,3,126,40,E:\Backups\GoogleDrive_AgMEQ_03312022\SOCEM\Data - Instron and SOCEM\SOCEM_DATA_2021\August28\cleanRaw\RAW_HW422_Aug28_0hour_9_reverse4.xlsx
RAW_HW422_Aug28_5hour_1,9.17,5.689,3,117.5,40,E:\Backups\GoogleDrive_AgMEQ_03312022\SOCEM\Data - Instron and SOCEM\SOCEM_DATA_2021\August28\cleanRaw\RAW_HW422_Aug28_5hour_1.xlsx
RAW_HW422_Aug28_5hour_10_reverse4,9.17,5.689,3,117.5,40,E:\Backups\GoogleDrive_AgMEQ_03312022\SOCEM\Data - Instron and SOCEM\SOCEM_DATA_2021\August28\cleanRaw\RAW_HW422_Aug28_5hour_10_reverse4.xlsx
RAW_HW422_Aug28_5hour_11_reverse5,9.17,5.689,3,117.5,40,E:\Backups\GoogleDrive_AgMEQ_03312022\SOCEM\Data - Instron and SOCEM\SOCEM_DATA_2021\August28\cleanRaw\RAW_HW422_Aug28_5hour_11_reverse5.xlsx
RAW_HW422_Aug28_5hour_12_reverse6,9.17,5.689,3,117.5,40,E:\Backups\GoogleDrive_AgMEQ_03312022\SOCEM\Data - Instron and SOCEM\SOCEM_DATA_2021\August28\cleanRaw\RAW_HW422_Aug28_5hour_12_reverse6.xlsx
RAW_HW422_Aug28_5hour_13_forward1,9.17,5.689,3,117.5,40,E:\Backups\GoogleDrive_AgMEQ_03312022\SOCEM\Data - Instron and SOCEM\SOCEM_DATA_2021\August28\cleanRaw\RAW_HW422_Aug28_5hour_13_forward1.xlsx
RAW_HW422_Aug28_5hour_14_forward2,9.17,5.689,3,117.5,40,E:\Backups\GoogleDrive_AgMEQ_03312022\SOCEM\Data - Instron and SOCEM\SOCEM_DATA_2021\August28\cleanRaw\RAW_HW422_Aug28_5hour_14_forward2.xlsx
RAW_HW422_Aug28_5hour_15_forward3,9.17,5.689,3,117.5,40,E:\Backups\GoogleDrive_AgMEQ_03312022\SOCEM\Data - Instron and SOCEM\SOCEM_DATA_2021\August28\cleanRaw\RAW_HW422_Aug28_5hour_15_forward3.xlsx
RAW_HW422_Aug28_5hour_16_forward4,9.17,5.689,3,117.5,40,E:\Backups\GoogleDrive_AgMEQ_03312022\SOCEM\Data - Instron and SOCEM\SOCEM_DATA_2021\August28\cleanRaw\RAW_HW422_Aug28_5hour_16_forward4.xlsx
RAW_HW422_Aug28_5hour_17_forward5,9.17,5.689,3,117.5,40,E:\Backups\GoogleDrive_AgMEQ_03312022\SOCEM\Data - Instron and SOCEM\SOCEM_DATA_2021\August28\cleanRaw\RAW_HW422_Aug28_5hour_17_forward5.xlsx
RAW_HW422_Aug28_5hour_18_forward6,9.17,5.689,3,117.5,40,E:\Backups\GoogleDrive_AgMEQ_03312022\SOCEM\Data - Instron and SOCEM\SOCEM_DATA_2021\August28\cleanRaw\RAW_HW422_Aug28_5hour_18_forward6.xlsx
RAW_HW422_Aug28_5hour_2,9.17,5.689,3,117.5,40,E:\Backups\GoogleDrive_AgMEQ_03312022\SOCEM\Data - Instron and SOCEM\SOCEM_DATA_2021\August28\cleanRaw\RAW_HW422_Aug28_5hour_2.xlsx
RAW_HW422_Aug28_5hour_3,9.17,5.689,3,117.5,40,E:\Backups\GoogleDrive_AgMEQ_03312022\SOCEM\Data - Instron and SOCEM\SOCEM_DATA_2021\August28\cleanRaw\RAW_HW422_Aug28_5hour_3.xlsx
RAW_HW422_Aug28_5hour_4,9.17,5.689,3,117.5,40,E:\Backups\GoogleDrive_AgMEQ_03312022\SOCEM\Data - Instron and SOCEM\SOCEM_DATA_2021\August28\cleanRaw\RAW_HW422_Aug28_5hour_4.xlsx
RAW_HW422_Aug28_5hour_5,9.17,5.689,3,117.5,40,E:\Backups\GoogleDrive_AgMEQ_03312022\SOCEM\Data - Instron and SOCEM\SOCEM_DATA_2021\August28\cleanRaw\RAW_HW422_Aug28_5hour_5.xlsx
RAW_HW422_Aug28_5hour_6,9.17,5.689,3,117.5,40,E:\Backups\GoogleDrive_AgMEQ_03312022\SOCEM\Data - Instron and SOCEM\SOCEM_DATA_2021\August28\cleanRaw\RAW_HW422_Aug28_5hour_6.xlsx
RAW_HW422_Aug28_5hour_7_reverse1,9.17,5.689,3,117.5,40,E:\Backups\GoogleDrive_AgMEQ_03312022\SOCEM\Data - Instron and SOCEM\SOCEM_DATA_2021\August28\cleanRaw\RAW_HW422_Aug28_5hour_7_reverse1.xlsx
RAW_HW422_Aug28_5hour_8_reverse2,9.17,5.689,3,117.5,40,E:\Backups\GoogleDrive_AgMEQ_03312022\SOCEM\Data - Instron and SOCEM\SOCEM_DATA_2021\August28\cleanRaw\RAW_HW422_Aug28_5hour_8_reverse2.xlsx
RAW_HW422_Aug28_5hour_9_reverse3,9.17,5.689,3,117.5,40,E:\Backups\GoogleDrive_AgMEQ_03312022\SOCEM\Data - Instron and SOCEM\SOCEM_DATA_2021\August28\cleanRaw\RAW_HW422_Aug28_5hour_9_reverse3.xlsx
RAW_HW422_Aug28_8hour_1,6.475,8.384,3,117.5,40,E:\Backups\GoogleDrive_AgMEQ_03312022\SOCEM\Data - Instron and SOCEM\SOCEM_DATA_2021\August28\cleanRaw\RAW_HW422_Aug28_8hour_1.xlsx
RAW_HW422_Aug28_8hour_10_forward2,6.475,8.384,3,117.5,40,E:\Backups\GoogleDrive_AgMEQ_03312022\SOCEM\Data - Instron and SOCEM\SOCEM_DATA_2021\August28\cleanRaw\RAW_HW422_Aug28_8hour_10_forward2.xlsx
RAW_HW422_Aug28_8hour_11_forward3,6.475,8.384,3,117.5,40,E:\Backups\GoogleDrive_AgMEQ_03312022\SOCEM\Data - Instron and SOCEM\SOCEM_DATA_2021\August28\cleanRaw\RAW_HW422_Aug28_8hour_11_forward3.xlsx
RAW_HW422_Aug28_8hour_12_forward4,6.475,8.384,3,117.5,40,E:\Backups\GoogleDrive_AgMEQ_03312022\SOCEM\Data - Instron and SOCEM\SOCEM_DATA_2021\August28\cleanRaw\RAW_HW422_Aug28_8hour_12_forward4.xlsx
RAW_HW422_Aug28_8hour_13_side1,6.475,8.384,3,117.5,40,E:\Backups\GoogleDrive_AgMEQ_03312022\SOCEM\Data - Instron and SOCEM\SOCEM_DATA_2021\August28\cleanRaw\RAW_HW422_Aug28_8hour_13_side1.xlsx
RAW_HW422_Aug28_8hour_14_side2,6.475,8.384,3,117.5,40,E:\Backups\GoogleDrive_AgMEQ_03312022\SOCEM\Data - Instron and SOCEM\SOCEM_DATA_2021\August28\cleanRaw\RAW_HW422_Aug28_8hour_14_side2.xlsx
RAW_HW422_Aug28_8hour_15_side3,6.475,8.384,3,117.5,40,E:\Backups\GoogleDrive_AgMEQ_03312022\SOCEM\Data - Instron and SOCEM\SOCEM_DATA_2021\August28\cleanRaw\RAW_HW422_Aug28_8hour_15_side3.xlsx
RAW_HW422_Aug28_8hour_16_side4,6.475,8.384,3,117.5,40,E:\Backups\GoogleDrive_AgMEQ_03312022\SOCEM\Data - Instron and SOCEM\SOCEM_DATA_2021\August28\cleanRaw\RAW_HW422_Aug28_8hour_16_side4.xlsx
RAW_HW422_Aug28_8hour_2,6.475,8.384,3,117.5,40,E:\Backups\GoogleDrive_AgMEQ_03312022\SOCEM\Data - Instron and SOCEM\SOCEM_DATA_2021\August28\cleanRaw\RAW_HW422_Aug28_8hour_2.xlsx
RAW_HW422_Aug28_8hour_3,6.475,8.384,3,117.5,40,E:\Backups\GoogleDrive_AgMEQ_03312022\SOCEM\Data - Instron and SOCEM\SOCEM_DATA_2021\August28\cleanRaw\RAW_HW422_Aug28_8hour_3.xlsx
RAW_HW422_Aug28_8hour_4,6.475,8.384,3,117.5,40,E:\Backups\GoogleDrive_AgMEQ_03312022\SOCEM\Data - Instron and SOCEM\SOCEM_DATA_2021\August28\cleanRaw\RAW_HW422_Aug28_8hour_4.xlsx
RAW_HW422_Aug28_8hour_5_reverse1,6.475,8.384,3,117.5,40,E:\Backups\GoogleDrive_AgMEQ_03312022\SOCEM\Data - Instron and SOCEM\SOCEM_DATA_2021\August28\cleanRaw\RAW_HW422_Aug28_8hour_5_reverse1.xlsx
RAW_HW422_Aug28_8hour_6_reverse2,6.475,8.384,3,117.5,40,E:\Backups\GoogleDrive_AgMEQ_03312022\SOCEM\Data - Instron and SOCEM\SOCEM_DATA_2021\August28\cleanRaw\RAW_HW422_Aug28_8hour_6_reverse2.xlsx
RAW_HW422_Aug28_8hour_7_reverse3,6.475,8.384,3,117.5,40,E:\Backups\GoogleDrive_AgMEQ_03312022\SOCEM\Data - Instron and SOCEM\SOCEM_DATA_2021\August28\cleanRaw\RAW_HW422_Aug28_8hour_7_reverse3.xlsx
RAW_HW422_Aug28_8hour_8_reverse4,6.475,8.384,3,117.5,40,E:\Backups\GoogleDrive_AgMEQ_03312022\SOCEM\Data - Instron and SOCEM\SOCEM_DATA_2021\August28\cleanRaw\RAW_HW422_Aug28_8hour_8_reverse4.xlsx
RAW_HW422_Aug28_8hour_9_forward1,6.475,8.384,3,117.5,40,E:\Backups\GoogleDrive_AgMEQ_03312022\SOCEM\Data - Instron and SOCEM\SOCEM_DATA_2021\August28\cleanRaw\RAW_HW422_Aug28_8hour_9_forward1.xlsx
RAW_SW136_Aug28_0hour_1,10.42,8.614,3,104,40,E:\Backups\GoogleDrive_AgMEQ_03312022\SOCEM\Data - Instron and SOCEM\SOCEM_DATA_2021\August28\cleanRaw\RAW_SW136_Aug28_0hour_1.xlsx
RAW_SW136_Aug28_0hour_10_reverse2,10.42,8.614,3,104,40,E:\Backups\GoogleDrive_AgMEQ_03312022\SOCEM\Data - Instron and SOCEM\SOCEM_DATA_2021\August28\cleanRaw\RAW_SW136_Aug28_0hour_10_reverse2.xlsx
RAW_SW136_Aug28_0hour_11_reverse3,10.42,8.614,3,104,40,E:\Backups\GoogleDrive_AgMEQ_03312022\SOCEM\Data - Instron and SOCEM\SOCEM_DATA_2021\August28\cleanRaw\RAW_SW136_Aug28_0hour_11_reverse3.xlsx
RAW_SW136_Aug28_0hour_12_reverse4,10.42,8.614,3,104,40,E:\Backups\GoogleDrive_AgMEQ_03312022\SOCEM\Data - Instron and SOCEM\SOCEM_DATA_2021\August28\cleanRaw\RAW_SW136_Aug28_0hour_12_reverse4.xlsx
RAW_SW136_Aug28_0hour_13_reverse5,10.42,8.614,3,104,40,E:\Backups\GoogleDrive_AgMEQ_03312022\SOCEM\Data - Instron and SOCEM\SOCEM_DATA_2021\August28\cleanRaw\RAW_SW136_Aug28_0hour_13_reverse5.xlsx
RAW_SW136_Aug28_0hour_14_reverse6,10.42,8.614,3,104,40,E:\Backups\GoogleDrive_AgMEQ_03312022\SOCEM\Data - Instron and SOCEM\SOCEM_DATA_2021\August28\cleanRaw\RAW_SW136_Aug28_0hour_14_reverse6.xlsx
RAW_SW136_Aug28_0hour_15_reverse7,10.42,8.614,3,104,40,E:\Backups\GoogleDrive_AgMEQ_03312022\SOCEM\Data - Instron and SOCEM\SOCEM_DATA_2021\August28\cleanRaw\RAW_SW136_Aug28_0hour_15_reverse7.xlsx
RAW_SW136_Aug28_0hour_16_reverse8,10.42,8.614,3,104,40,E:\Backups\GoogleDrive_AgMEQ_03312022\SOCEM\Data - Instron and SOCEM\SOCEM_DATA_2021\August28\cleanRaw\RAW_SW136_Aug28_0hour_16_reverse8.xlsx
RAW_SW136_Aug28_0hour_17_forward1,10.42,8.614,3,104,40,E:\Backups\GoogleDrive_AgMEQ_03312022\SOCEM\Data - Instron and SOCEM\SOCEM_DATA_2021\August28\cleanRaw\RAW_SW136_Aug28_0hour_17_forward1.xlsx
RAW_SW136_Aug28_0hour_18_forward2,10.42,8.614,3,104,40,E:\Backups\GoogleDrive_AgMEQ_03312022\SOCEM\Data - Instron and SOCEM\SOCEM_DATA_2021\August28\cleanRaw\RAW_SW136_Aug28_0hour_18_forward2.xlsx
RAW_SW136_Aug28_0hour_19_forward3,10.42,8.614,3,104,40,E:\Backups\GoogleDrive_AgMEQ_03312022\SOCEM\Data - Instron and SOCEM\SOCEM_DATA_2021\August28\cleanRaw\RAW_SW136_Aug28_0hour_19_forward3.xlsx
RAW_SW136_Aug28_0hour_2,10.42,8.614,3,104,40,E:\Backups\GoogleDrive_AgMEQ_03312022\SOCEM\Data - Instron and SOCEM\SOCEM_DATA_2021\August28\cleanRaw\RAW_SW136_Aug28_0hour_2.xlsx
RAW_SW136_Aug28_0hour_20_forward4,10.42,8.614,3,104,40,E:\Backups\GoogleDrive_AgMEQ_03312022\SOCEM\Data - Instron and SOCEM\SOCEM_DATA_2021\August28\cleanRaw\RAW_SW136_Aug28_0hour_20_forward4.xlsx
RAW_SW136_Aug28_0hour_3,10.42,8.614,3,104,40,E:\Backups\GoogleDrive_AgMEQ_03312022\SOCEM\Data - Instron and SOCEM\SOCEM_DATA_2021\August28\cleanRaw\RAW_SW136_Aug28_0hour_3.xlsx
RAW_SW136_Aug28_0hour_4,10.42,8.614,3,104,40,E:\Backups\GoogleDrive_AgMEQ_03312022\SOCEM\Data - Instron and SOCEM\SOCEM_DATA_2021\August28\cleanRaw\RAW_SW136_Aug28_0hour_4.xlsx
RAW_SW136_Aug28_0hour_5,10.42,8.614,3,104,40,E:\Backups\GoogleDrive_AgMEQ_03312022\SOCEM\Data - Instron and SOCEM\SOCEM_DATA_2021\August28\cleanRaw\RAW_SW136_Aug28_0hour_5.xlsx
RAW_SW136_Aug28_0hour_6,10.42,8.614,3,104,40,E:\Backups\GoogleDrive_AgMEQ_03312022\SOCEM\Data - Instron and SOCEM\SOCEM_DATA_2021\August28\cleanRaw\RAW_SW136_Aug28_0hour_6.xlsx
RAW_SW136_Aug28_0hour_7,10.42,8.614,3,104,40,E:\Backups\GoogleDrive_AgMEQ_03312022\SOCEM\Data - Instron and SOCEM\SOCEM_DATA_2021\August28\cleanRaw\RAW_SW136_Aug28_0hour_7.xlsx
RAW_SW136_Aug28_0hour_8,10.42,8.614,3,104,40,E:\Backups\GoogleDrive_AgMEQ_03312022\SOCEM\Data - Instron and SOCEM\SOCEM_DATA_2021\August28\cleanRaw\RAW_SW136_Aug28_0hour_8.xlsx
RAW_SW136_Aug28_0hour_9_reverse1,10.42,8.614,3,104,40,E:\Backups\GoogleDrive_AgMEQ_03312022\SOCEM\Data - Instron and SOCEM\SOCEM_DATA_2021\August28\cleanRaw\RAW_SW136_Aug28_0hour_9_reverse1.xlsx
RAW_SW136_Aug28_11hour_1,10.42,8.614,3,99.5,40,E:\Backups\GoogleDrive_AgMEQ_03312022\SOCEM\Data - Instron and SOCEM\SOCEM_DATA_2021\August28\cleanRaw\RAW_SW136_Aug28_11hour_1.xlsx
RAW_SW136_Aug28_11hour_10_forward2,10.42,8.614,3,99.5,40,E:\Backups\GoogleDrive_AgMEQ_03312022\SOCEM\Data - Instron and SOCEM\SOCEM_DATA_2021\August28\cleanRaw\RAW_SW136_Aug28_11hour_10_forward2.xlsx
RAW_SW136_Aug28_11hour_11_forward3,10.42,8.614,3,99.5,40,E:\Backups\GoogleDrive_AgMEQ_03312022\SOCEM\Data - Instron and SOCEM\SOCEM_DATA_2021\August28\cleanRaw\RAW_SW136_Aug28_11hour_11_forward3.xlsx
RAW_SW136_Aug28_11hour_12_forward4,10.42,8.614,3,99.5,40,E:\Backups\GoogleDrive_AgMEQ_03312022\SOCEM\Data - Instron and SOCEM\SOCEM_DATA_2021\August28\cleanRaw\RAW_SW136_Aug28_11hour_12_forward4.xlsx
RAW_SW136_Aug28_11hour_13_side1,10.42,8.614,3,99.5,40,E:\Backups\GoogleDrive_AgMEQ_03312022\SOCEM\Data - Instron and SOCEM\SOCEM_DATA_2021\August28\cleanRaw\RAW_SW136_Aug28_11hour_13_side1.xlsx
RAW_SW136_Aug28_11hour_14_side2,10.42,8.614,3,99.5,40,E:\Backups\GoogleDrive_AgMEQ_03312022\SOCEM\Data - Instron and SOCEM\SOCEM_DATA_2021\August28\cleanRaw\RAW_SW136_Aug28_11hour_14_side2.xlsx
RAW_SW136_Aug28_11hour_15_side3,10.42,8.614,3,99.5,40,E:\Backups\GoogleDrive_AgMEQ_03312022\SOCEM\Data - Instron and SOCEM\SOCEM_DATA_2021\August28\cleanRaw\RAW_SW136_Aug28_11hour_15_side3.xlsx
RAW_SW136_Aug28_11hour_16_side4,10.42,8.614,3,99.5,40,E:\Backups\GoogleDrive_AgMEQ_03312022\SOCEM\Data - Instron and SOCEM\SOCEM_DATA_2021\August28\cleanRaw\RAW_SW136_Aug28_11hour_16_side4.xlsx
RAW_SW136_Aug28_11hour_17_side5,10.42,8.614,3,99.5,40,E:\Backups\GoogleDrive_AgMEQ_03312022\SOCEM\Data - Instron and SOCEM\SOCEM_DATA_2021\August28\cleanRaw\RAW_SW136_Aug28_11hour_17_side5.xlsx
RAW_SW136_Aug28_11hour_18_side6,10.42,8.614,3,99.5,40,E:\Backups\GoogleDrive_AgMEQ_03312022\SOCEM\Data - Instron and SOCEM\SOCEM_DATA_2021\August28\cleanRaw\RAW_SW136_Aug28_11hour_18_side6.xlsx
RAW_SW136_Aug28_11hour_19_side7,10.42,8.614,3,99.5,40,E:\Backups\GoogleDrive_AgMEQ_03312022\SOCEM\Data - Instron and SOCEM\SOCEM_DATA_2021\August28\cleanRaw\RAW_SW136_Aug28_11hour_19_side7.xlsx
RAW_SW136_Aug28_11hour_2,10.42,8.614,3,99.5,40,E:\Backups\GoogleDrive_AgMEQ_03312022\SOCEM\Data - Instron and SOCEM\SOCEM_DATA_2021\August28\cleanRaw\RAW_SW136_Aug28_11hour_2.xlsx
RAW_SW136_Aug28_11hour_20_side8,10.42,8.614,3,99.5,40,E:\Backups\GoogleDrive_AgMEQ_03312022\SOCEM\Data - Instron and SOCEM\SOCEM_DATA_2021\August28\cleanRaw\RAW_SW136_Aug28_11hour_20_side8.xlsx
RAW_SW136_Aug28_11hour_21_side9,10.42,8.614,3,99.5,40,E:\Backups\GoogleDrive_AgMEQ_03312022\SOCEM\Data - Instron and SOCEM\SOCEM_DATA_2021\August28\cleanRaw\RAW_SW136_Aug28_11hour_21_side9.xlsx
RAW_SW136_Aug28_11hour_22_side10,10.42,8.614,3,99.5,40,E:\Backups\GoogleDrive_AgMEQ_03312022\SOCEM\Data - Instron and SOCEM\SOCEM_DATA_2021\August28\cleanRaw\RAW_SW136_Aug28_11hour_22_side10.xlsx
RAW_SW136_Aug28_11hour_3,10.42,8.614,3,99.5,40,E:\Backups\GoogleDrive_AgMEQ_03312022\SOCEM\Data - Instron and SOCEM\SOCEM_DATA_2021\August28\cleanRaw\RAW_SW136_Aug28_11hour_3.xlsx
RAW_SW136_Aug28_11hour_4,10.42,8.614,3,99.5,40,E:\Backups\GoogleDrive_AgMEQ_03312022\SOCEM\Data - Instron and SOCEM\SOCEM_DATA_2021\August28\cleanRaw\RAW_SW136_Aug28_11hour_4.xlsx
RAW_SW136_Aug28_11hour_5_reverse1,10.42,8.614,3,99.5,40,E:\Backups\GoogleDrive_AgMEQ_03312022\SOCEM\Data - Instron and SOCEM\SOCEM_DATA_2021\August28\cleanRaw\RAW_SW136_Aug28_11hour_5_reverse1.xlsx
RAW_SW136_Aug28_11hour_6_reverse2,10.42,8.614,3,99.5,40,E:\Backups\GoogleDrive_AgMEQ_03312022\SOCEM\Data - Instron and SOCEM\SOCEM_DATA_2021\August28\cleanRaw\RAW_SW136_Aug28_11hour_6_reverse2.xlsx
RAW_SW136_Aug28_11hour_7_reverse3,10.42,8.614,3,99.5,40,E:\Backups\GoogleDrive_AgMEQ_03312022\SOCEM\Data - Instron and SOCEM\SOCEM_DATA_2021\August28\cleanRaw\RAW_SW136_Aug28_11hour_7_reverse3.xlsx
RAW_SW136_Aug28_11hour_8_reverse4,10.42,8.614,3,99.5,40,E:\Backups\GoogleDrive_AgMEQ_03312022\SOCEM\Data - Instron and SOCEM\SOCEM_DATA_2021\August28\cleanRaw\RAW_SW136_Aug28_11hour_8_reverse4.xlsx
RAW_SW136_Aug28_11hour_9_forward1,10.42,8.614,3,99.5,40,E:\Backups\GoogleDrive_AgMEQ_03312022\SOCEM\Data - Instron and SOCEM\SOCEM_DATA_2021\August28\cleanRaw\RAW_SW136_Aug28_11hour_9_forward1.xlsx
RAW_SW136_Aug28_7hour_1,10.42,8.614,3,99.5,40,E:\Backups\GoogleDrive_AgMEQ_03312022\SOCEM\Data - Instron and SOCEM\SOCEM_DATA_2021\August28\cleanRaw\RAW_SW136_Aug28_7hour_1.xlsx
RAW_SW136_Aug28_7hour_10_reverse5,10.42,8.614,3,99.5,40,E:\Backups\GoogleDrive_AgMEQ_03312022\SOCEM\Data - Instron and SOCEM\SOCEM_DATA_2021\August28\cleanRaw\RAW_SW136_Aug28_7hour_10_reverse5.xlsx
RAW_SW136_Aug28_7hour_11_forward1,10.42,8.614,3,99.5,40,E:\Backups\GoogleDrive_AgMEQ_03312022\SOCEM\Data - Instron and SOCEM\SOCEM_DATA_2021\August28\cleanRaw\RAW_SW136_Aug28_7hour_11_forward1.xlsx
RAW_SW136_Aug28_7hour_12_forward2,10.42,8.614,3,99.5,40,E:\Backups\GoogleDrive_AgMEQ_03312022\SOCEM\Data - Instron and SOCEM\SOCEM_DATA_2021\August28\cleanRaw\RAW_SW136_Aug28_7hour_12_forward2.xlsx
RAW_SW136_Aug28_7hour_13_forward3,10.42,8.614,3,99.5,40,E:\Backups\GoogleDrive_AgMEQ_03312022\SOCEM\Data - Instron and SOCEM\SOCEM_DATA_2021\August28\cleanRaw\RAW_SW136_Aug28_7hour_13_forward3.xlsx
RAW_SW136_Aug28_7hour_14_forward4,10.42,8.614,3,99.5,40,E:\Backups\GoogleDrive_AgMEQ_03312022\SOCEM\Data - Instron and SOCEM\SOCEM_DATA_2021\August28\cleanRaw\RAW_SW136_Aug28_7hour_14_forward4.xlsx
RAW_SW136_Aug28_7hour_15_side1,10.42,8.614,3,99.5,40,E:\Backups\GoogleDrive_AgMEQ_03312022\SOCEM\Data - Instron and SOCEM\SOCEM_DATA_2021\August28\cleanRaw\RAW_SW136_Aug28_7hour_15_side1.xlsx
RAW_SW136_Aug28_7hour_16_side2,10.42,8.614,3,99.5,40,E:\Backups\GoogleDrive_AgMEQ_03312022\SOCEM\Data - Instron and SOCEM\SOCEM_DATA_2021\August28\cleanRaw\RAW_SW136_Aug28_7hour_16_side2.xlsx
RAW_SW136_Aug28_7hour_17_side3,10.42,8.614,3,99.5,40,E:\Backups\GoogleDrive_AgMEQ_03312022\SOCEM\Data - Instron and SOCEM\SOCEM_DATA_2021\August28\cleanRaw\RAW_SW136_Aug28_7hour_17_side3.xlsx
RAW_SW136_Aug28_7hour_18_side4,10.42,8.614,3,99.5,40,E:\Backups\GoogleDrive_AgMEQ_03312022\SOCEM\Data - Instron and SOCEM\SOCEM_DATA_2021\August28\cleanRaw\RAW_SW136_Aug28_7hour_18_side4.xlsx
RAW_SW136_Aug28_7hour_19_side5,10.42,8.614,3,99.5,40,E:\Backups\GoogleDrive_AgMEQ_03312022\SOCEM\Data - Instron and SOCEM\SOCEM_DATA_2021\August28\cleanRaw\RAW_SW136_Aug28_7hour_19_side5.xlsx
RAW_SW136_Aug28_7hour_2,10.42,8.614,3,99.5,40,E:\Backups\GoogleDrive_AgMEQ_03312022\SOCEM\Data - Instron and SOCEM\SOCEM_DATA_2021\August28\cleanRaw\RAW_SW136_Aug28_7hour_2.xlsx
RAW_SW136_Aug28_7hour_20_side6,10.42,8.614,3,99.5,40,E:\Backups\GoogleDrive_AgMEQ_03312022\SOCEM\Data - Instron and SOCEM\SOCEM_DATA_2021\August28\cleanRaw\RAW_SW136_Aug28_7hour_20_side6.xlsx
RAW_SW136_Aug28_7hour_3,10.42,8.614,3,99.5,40,E:\Backups\GoogleDrive_AgMEQ_03312022\SOCEM\Data - Instron and SOCEM\SOCEM_DATA_2021\August28\cleanRaw\RAW_SW136_Aug28_7hour_3.xlsx
RAW_SW136_Aug28_7hour_4,10.42,8.614,3,99.5,40,E:\Backups\GoogleDrive_AgMEQ_03312022\SOCEM\Data - Instron and SOCEM\SOCEM_DATA_2021\August28\cleanRaw\RAW_SW136_Aug28_7hour_4.xlsx
RAW_SW136_Aug28_7hour_5_reverse1,10.42,8.614,3,99.5,40,E:\Backups\GoogleDrive_AgMEQ_03312022\SOCEM\Data - Instron and SOCEM\SOCEM_DATA_2021\August28\cleanRaw\RAW_SW136_Aug28_7hour_5_reverse1.xlsx
RAW_SW136_Aug28_7hour_6_reverse2,10.42,8.614,3,99.5,40,E:\Backups\GoogleDrive_AgMEQ_03312022\SOCEM\Data - Instron and SOCEM\SOCEM_DATA_2021\August28\cleanRaw\RAW_SW136_Aug28_7hour_6_reverse2.xlsx
RAW_SW136_Aug28_7hour_7_reverse3,10.42,8.614,3,99.5,40,E:\Backups\GoogleDrive_AgMEQ_03312022\SOCEM\Data - Instron and SOCEM\SOCEM_DATA_2021\August28\cleanRaw\RAW_SW136_Aug28_7hour_7_reverse3.xlsx
RAW_SW136_Aug28_7hour_7_reverse4,10.42,8.614,3,99.5,40,E:\Backups\GoogleDrive_AgMEQ_03312022\SOCEM\Data - Instron and SOCEM\SOCEM_DATA_2021\August28\cleanRaw\RAW_SW136_Aug28_7hour_7_reverse4.xlsx
RAW_SW407_Aug28_0hour_1,10.29,8.464,3,103.5,40,E:\Backups\GoogleDrive_AgMEQ_03312022\SOCEM\Data - Instron and SOCEM\SOCEM_DATA_2021\August28\cleanRaw\RAW_SW407_Aug28_0hour_1.xlsx
RAW_SW407_Aug28_0hour_10_reverse5,10.29,8.464,3,103.5,40,E:\Backups\GoogleDrive_AgMEQ_03312022\SOCEM\Data - Instron and SOCEM\SOCEM_DATA_2021\August28\cleanRaw\RAW_SW407_Aug28_0hour_10_reverse5.xlsx
RAW_SW407_Aug28_0hour_11_forward1,10.29,8.464,3,103.5,40,E:\Backups\GoogleDrive_AgMEQ_03312022\SOCEM\Data - Instron and SOCEM\SOCEM_DATA_2021\August28\cleanRaw\RAW_SW407_Aug28_0hour_11_forward1.xlsx
RAW_SW407_Aug28_0hour_12_forward2,10.29,8.464,3,103.5,40,E:\Backups\GoogleDrive_AgMEQ_03312022\SOCEM\Data - Instron and SOCEM\SOCEM_DATA_2021\August28\cleanRaw\RAW_SW407_Aug28_0hour_12_forward2.xlsx
RAW_SW407_Aug28_0hour_13_forward3,10.29,8.464,3,103.5,40,E:\Backups\GoogleDrive_AgMEQ_03312022\SOCEM\Data - Instron and SOCEM\SOCEM_DATA_2021\August28\cleanRaw\RAW_SW407_Aug28_0hour_13_forward3.xlsx
RAW_SW407_Aug28_0hour_14_forward4,10.29,8.464,3,103.5,40,E:\Backups\GoogleDrive_AgMEQ_03312022\SOCEM\Data - Instron and SOCEM\SOCEM_DATA_2021\August28\cleanRaw\RAW_SW407_Aug28_0hour_14_forward4.xlsx
RAW_SW407_Aug28_0hour_15_forward5,10.29,8.464,3,103.5,40,E:\Backups\GoogleDrive_AgMEQ_03312022\SOCEM\Data - Instron and SOCEM\SOCEM_DATA_2021\August28\cleanRaw\RAW_SW407_Aug28_0hour_15_forward5.xlsx
RAW_SW407_Aug28_0hour_2,10.29,8.464,3,103.5,40,E:\Backups\GoogleDrive_AgMEQ_03312022\SOCEM\Data - Instron and SOCEM\SOCEM_DATA_2021\August28\cleanRaw\RAW_SW407_Aug28_0hour_2.xlsx
RAW_SW407_Aug28_0hour_3,10.29,8.464,3,103.5,40,E:\Backups\GoogleDrive_AgMEQ_03312022\SOCEM\Data - Instron and SOCEM\SOCEM_DATA_2021\August28\cleanRaw\RAW_SW407_Aug28_0hour_3.xlsx
RAW_SW407_Aug28_0hour_4,10.29,8.464,3,103.5,40,E:\Backups\GoogleDrive_AgMEQ_03312022\SOCEM\Data - Instron and SOCEM\SOCEM_DATA_2021\August28\cleanRaw\RAW_SW407_Aug28_0hour_4.xlsx
RAW_SW407_Aug28_0hour_5,10.29,8.464,3,103.5,40,E:\Backups\GoogleDrive_AgMEQ_03312022\SOCEM\Data - Instron and SOCEM\SOCEM_DATA_2021\August28\cleanRaw\RAW_SW407_Aug28_0hour_5.xlsx
RAW_SW407_Aug28_0hour_6_reverse1,10.29,8.464,3,103.5,40,E:\Backups\GoogleDrive_AgMEQ_03312022\SOCEM\Data - Instron and SOCEM\SOCEM_DATA_2021\August28\cleanRaw\RAW_SW407_Aug28_0hour_6_reverse1.xlsx
RAW_SW407_Aug28_0hour_7_reverse2,10.29,8.464,3,103.5,40,E:\Backups\GoogleDrive_AgMEQ_03312022\SOCEM\Data - Instron and SOCEM\SOCEM_DATA_2021\August28\cleanRaw\RAW_SW407_Aug28_0hour_7_reverse2.xlsx
RAW_SW407_Aug28_0hour_8_reverse3,10.29,8.464,3,103.5,40,E:\Backups\GoogleDrive_AgMEQ_03312022\SOCEM\Data - Instron and SOCEM\SOCEM_DATA_2021\August28\cleanRaw\RAW_SW407_Aug28_0hour_8_reverse3.xlsx
RAW_SW407_Aug28_0hour_9_reverse4,10.29,8.464,3,103.5,40,E:\Backups\GoogleDrive_AgMEQ_03312022\SOCEM\Data - Instron and SOCEM\SOCEM_DATA_2021\August28\cleanRaw\RAW_SW407_Aug28_0hour_9_reverse4.xlsx
RAW_SW407_Aug28_5+hour_1,10.29,8.464,3,105.5,40,E:\Backups\GoogleDrive_AgMEQ_03312022\SOCEM\Data - Instron and SOCEM\SOCEM_DATA_2021\August28\cleanRaw\RAW_SW407_Aug28_5+hour_1.xlsx
RAW_SW407_Aug28_5+hour_10_forward2,10.29,8.464,3,105.5,40,E:\Backups\GoogleDrive_AgMEQ_03312022\SOCEM\Data - Instron and SOCEM\SOCEM_DATA_2021\August28\cleanRaw\RAW_SW407_Aug28_5+hour_10_forward2.xlsx
RAW_SW407_Aug28_5+hour_11_forward3,10.29,8.464,3,105.5,40,E:\Backups\GoogleDrive_AgMEQ_03312022\SOCEM\Data - Instron and SOCEM\SOCEM_DATA_2021\August28\cleanRaw\RAW_SW407_Aug28_5+hour_11_forward3.xlsx
RAW_SW407_Aug28_5+hour_12_forward4,10.29,8.464,3,105.5,40,E:\Backups\GoogleDrive_AgMEQ_03312022\SOCEM\Data - Instron and SOCEM\SOCEM_DATA_2021\August28\cleanRaw\RAW_SW407_Aug28_5+hour_12_forward4.xlsx
RAW_SW407_Aug28_5+hour_13_side1,10.29,8.464,6,105.5,40,E:\Backups\GoogleDrive_AgMEQ_03312022\SOCEM\Data - Instron and SOCEM\SOCEM_DATA_2021\August28\cleanRaw\RAW_SW407_Aug28_5+hour_13_side1.xlsx
RAW_SW407_Aug28_5+hour_14_side2,10.29,8.464,6,105.5,40,E:\Backups\GoogleDrive_AgMEQ_03312022\SOCEM\Data - Instron and SOCEM\SOCEM_DATA_2021\August28\cleanRaw\RAW_SW407_Aug28_5+hour_14_side2.xlsx
RAW_SW407_Aug28_5+hour_15_side3,10.29,8.464,6,105.5,40,E:\Backups\GoogleDrive_AgMEQ_03312022\SOCEM\Data - Instron and SOCEM\SOCEM_DATA_2021\August28\cleanRaw\RAW_SW407_Aug28_5+hour_15_side3.xlsx
RAW_SW407_Aug28_5+hour_16_side4,10.29,8.464,6,105.5,40,E:\Backups\GoogleDrive_AgMEQ_03312022\SOCEM\Data - Instron and SOCEM\SOCEM_DATA_2021\August28\cleanRaw\RAW_SW407_Aug28_5+hour_16_side4.xlsx
RAW_SW407_Aug28_5+hour_17_side5,10.29,8.464,6,105.5,40,E:\Backups\GoogleDrive_AgMEQ_03312022\SOCEM\Data - Instron and SOCEM\SOCEM_DATA_2021\August28\cleanRaw\RAW_SW407_Aug28_5+hour_17_side5.xlsx
RAW_SW407_Aug28_5+hour_18_side6,10.29,8.464,6,105.5,40,E:\Backups\GoogleDrive_AgMEQ_03312022\SOCEM\Data - Instron and SOCEM\SOCEM_DATA_2021\August28\cleanRaw\RAW_SW407_Aug28_5+hour_18_side6.xlsx
RAW_SW407_Aug28_5+hour_19_side7,10.29,8.464,6,105.5,40,E:\Backups\GoogleDrive_AgMEQ_03312022\SOCEM\Data - Instron and SOCEM\SOCEM_DATA_2021\August28\cleanRaw\RAW_SW407_Aug28_5+hour_19_side7.xlsx
RAW_SW407_Aug28_5+hour_2,10.29,8.464,3,105.5,40,E:\Backups\GoogleDrive_AgMEQ_03312022\SOCEM\Data - Instron and SOCEM\SOCEM_DATA_2021\August28\cleanRaw\RAW_SW407_Aug28_5+hour_2.xlsx
RAW_SW407_Aug28_5+hour_20_side8,10.29,8.464,6,105.5,40,E:\Backups\GoogleDrive_AgMEQ_03312022\SOCEM\Data - Instron and SOCEM\SOCEM_DATA_2021\August28\cleanRaw\RAW_SW407_Aug28_5+hour_20_side8.xlsx
RAW_SW407_Aug28_5+hour_3,10.29,8.464,3,105.5,40,E:\Backups\GoogleDrive_AgMEQ_03312022\SOCEM\Data - Instron and SOCEM\SOCEM_DATA_2021\August28\cleanRaw\RAW_SW407_Aug28_5+hour_3.xlsx
RAW_SW407_Aug28_5+hour_4,10.29,8.464,3,105.5,40,E:\Backups\GoogleDrive_AgMEQ_03312022\SOCEM\Data - Instron and SOCEM\SOCEM_DATA_2021\August28\cleanRaw\RAW_SW407_Aug28_5+hour_4.xlsx
RAW_SW407_Aug28_5+hour_5_reverse1,10.29,8.464,3,105.5,40,E:\Backups\GoogleDrive_AgMEQ_03312022\SOCEM\Data - Instron and SOCEM\SOCEM_DATA_2021\August28\cleanRaw\RAW_SW407_Aug28_5+hour_5_reverse1.xlsx
RAW_SW407_Aug28_5+hour_6_reverse2,10.29,8.464,3,105.5,40,E:\Backups\GoogleDrive_AgMEQ_03312022\SOCEM\Data - Instron and SOCEM\SOCEM_DATA_2021\August28\cleanRaw\RAW_SW407_Aug28_5+hour_6_reverse2.xlsx
RAW_SW407_Aug28_5+hour_7_reverse3,10.29,8.464,3,105.5,40,E:\Backups\GoogleDrive_AgMEQ_03312022\SOCEM\Data - Instron and SOCEM\SOCEM_DATA_2021\August28\cleanRaw\RAW_SW407_Aug28_5+hour_7_reverse3.xlsx
RAW_SW407_Aug28_5+hour_8_reverse4,10.29,8.464,3,105.5,40,E:\Backups\GoogleDrive_AgMEQ_03312022\SOCEM\Data - Instron and SOCEM\SOCEM_DATA_2021\August28\cleanRaw\RAW_SW407_Aug28_5+hour_8_reverse4.xlsx
RAW_SW407_Aug28_5+hour_9_forward1,10.29,8.464,3,105.5,40,E:\Backups\GoogleDrive_AgMEQ_03312022\SOCEM\Data - Instron and SOCEM\SOCEM_DATA_2021\August28\cleanRaw\RAW_SW407_Aug28_5+hour_9_forward1.xlsx
RAW_SW436_Aug28_0hour_1,9.25,7.314,3,150,40,E:\Backups\GoogleDrive_AgMEQ_03312022\SOCEM\Data - Instron and SOCEM\SOCEM_DATA_2021\August28\cleanRaw\RAW_SW436_Aug28_0hour_1.xlsx
RAW_SW436_Aug28_0hour_10,9.25,7.314,3,150,40,E:\Backups\GoogleDrive_AgMEQ_03312022\SOCEM\Data - Instron and SOCEM\SOCEM_DATA_2021\August28\cleanRaw\RAW_SW436_Aug28_0hour_10.xlsx
RAW_SW436_Aug28_0hour_11_reverse,9.25,7.314,3,150,40,E:\Backups\GoogleDrive_AgMEQ_03312022\SOCEM\Data - Instron and SOCEM\SOCEM_DATA_2021\August28\cleanRaw\RAW_SW436_Aug28_0hour_11_reverse.xlsx
RAW_SW436_Aug28_0hour_12_reverse1,9.25,7.314,3,150,40,E:\Backups\GoogleDrive_AgMEQ_03312022\SOCEM\Data - Instron and SOCEM\SOCEM_DATA_2021\August28\cleanRaw\RAW_SW436_Aug28_0hour_12_reverse1.xlsx
RAW_SW436_Aug28_0hour_13_reverse1,9.25,7.314,3,150,40,E:\Backups\GoogleDrive_AgMEQ_03312022\SOCEM\Data - Instron and SOCEM\SOCEM_DATA_2021\August28\cleanRaw\RAW_SW436_Aug28_0hour_13_reverse1.xlsx
RAW_SW436_Aug28_0hour_14_reverse1,9.25,7.314,3,150,40,E:\Backups\GoogleDrive_AgMEQ_03312022\SOCEM\Data - Instron and SOCEM\SOCEM_DATA_2021\August28\cleanRaw\RAW_SW436_Aug28_0hour_14_reverse1.xlsx
RAW_SW436_Aug28_0hour_15_reverse1,9.25,7.314,3,150,40,E:\Backups\GoogleDrive_AgMEQ_03312022\SOCEM\Data - Instron and SOCEM\SOCEM_DATA_2021\August28\cleanRaw\RAW_SW436_Aug28_0hour_15_reverse1.xlsx
RAW_SW436_Aug28_0hour_16_reverse1,9.25,7.314,3,150,40,E:\Backups\GoogleDrive_AgMEQ_03312022\SOCEM\Data - Instron and SOCEM\SOCEM_DATA_2021\August28\cleanRaw\RAW_SW436_Aug28_0hour_16_reverse1.xlsx
RAW_SW436_Aug28_0hour_17_reverse1,9.25,7.314,3,150,40,E:\Backups\GoogleDrive_AgMEQ_03312022\SOCEM\Data - Instron and SOCEM\SOCEM_DATA_2021\August28\cleanRaw\RAW_SW436_Aug28_0hour_17_reverse1.xlsx
RAW_SW436_Aug28_0hour_18_reverse1,9.25,7.314,3,150,40,E:\Backups\GoogleDrive_AgMEQ_03312022\SOCEM\Data - Instron and SOCEM\SOCEM_DATA_2021\August28\cleanRaw\RAW_SW436_Aug28_0hour_18_reverse1.xlsx
RAW_SW436_Aug28_0hour_19_reverse1,9.25,7.314,3,150,40,E:\Backups\GoogleDrive_AgMEQ_03312022\SOCEM\Data - Instron and SOCEM\SOCEM_DATA_2021\August28\cleanRaw\RAW_SW436_Aug28_0hour_19_reverse1.xlsx
RAW_SW436_Aug28_0hour_2,9.25,7.314,3,150,40,E:\Backups\GoogleDrive_AgMEQ_03312022\SOCEM\Data - Instron and SOCEM\SOCEM_DATA_2021\August28\cleanRaw\RAW_SW436_Aug28_0hour_2.xlsx
RAW_SW436_Aug28_0hour_20_reverse1,9.25,7.314,3,150,40,E:\Backups\GoogleDrive_AgMEQ_03312022\SOCEM\Data - Instron and SOCEM\SOCEM_DATA_2021\August28\cleanRaw\RAW_SW436_Aug28_0hour_20_reverse1.xlsx
RAW_SW436_Aug28_0hour_21_reverse1,9.25,7.314,3,150,40,E:\Backups\GoogleDrive_AgMEQ_03312022\SOCEM\Data - Instron and SOCEM\SOCEM_DATA_2021\August28\cleanRaw\RAW_SW436_Aug28_0hour_21_reverse1.xlsx
RAW_SW436_Aug28_0hour_22_reverse1,9.25,7.314,3,150,40,E:\Backups\GoogleDrive_AgMEQ_03312022\SOCEM\Data - Instron and SOCEM\SOCEM_DATA_2021\August28\cleanRaw\RAW_SW436_Aug28_0hour_22_reverse1.xlsx
RAW_SW436_Aug28_0hour_23_reverse1,9.25,7.314,3,150,40,E:\Backups\GoogleDrive_AgMEQ_03312022\SOCEM\Data - Instron and SOCEM\SOCEM_DATA_2021\August28\cleanRaw\RAW_SW436_Aug28_0hour_23_reverse1.xlsx
RAW_SW436_Aug28_0hour_24_reverse1,9.25,7.314,3,150,40,E:\Backups\GoogleDrive_AgMEQ_03312022\SOCEM\Data - Instron and SOCEM\SOCEM_DATA_2021\August28\cleanRaw\RAW_SW436_Aug28_0hour_24_reverse1.xlsx
RAW_SW436_Aug28_0hour_25_forward1,9.25,7.314,3,150,40,E:\Backups\GoogleDrive_AgMEQ_03312022\SOCEM\Data - Instron and SOCEM\SOCEM_DATA_2021\August28\cleanRaw\RAW_SW436_Aug28_0hour_25_forward1.xlsx
RAW_SW436_Aug28_0hour_26_forward2,9.25,7.314,3,150,40,E:\Backups\GoogleDrive_AgMEQ_03312022\SOCEM\Data - Instron and SOCEM\SOCEM_DATA_2021\August28\cleanRaw\RAW_SW436_Aug28_0hour_26_forward2.xlsx
RAW_SW436_Aug28_0hour_27_forward3,9.25,7.314,3,150,40,E:\Backups\GoogleDrive_AgMEQ_03312022\SOCEM\Data - Instron and SOCEM\SOCEM_DATA_2021\August28\cleanRaw\RAW_SW436_Aug28_0hour_27_forward3.xlsx
RAW_SW436_Aug28_0hour_28_forward4,9.25,7.314,3,150,40,E:\Backups\GoogleDrive_AgMEQ_03312022\SOCEM\Data - Instron and SOCEM\SOCEM_DATA_2021\August28\cleanRaw\RAW_SW436_Aug28_0hour_28_forward4.xlsx
RAW_SW436_Aug28_0hour_29_forward5,9.25,7.314,3,150,40,E:\Backups\GoogleDrive_AgMEQ_03312022\SOCEM\Data - Instron and SOCEM\SOCEM_DATA_2021\August28\cleanRaw\RAW_SW436_Aug28_0hour_29_forward5.xlsx
RAW_SW436_Aug28_0hour_3,9.25,7.314,3,150,40,E:\Backups\GoogleDrive_AgMEQ_03312022\SOCEM\Data - Instron and SOCEM\SOCEM_DATA_2021\August28\cleanRaw\RAW_SW436_Aug28_0hour_3.xlsx
RAW_SW436_Aug28_0hour_30_forward6,9.25,7.314,3,150,40,E:\Backups\GoogleDrive_AgMEQ_03312022\SOCEM\Data - Instron and SOCEM\SOCEM_DATA_2021\August28\cleanRaw\RAW_SW436_Aug28_0hour_30_forward6.xlsx
RAW_SW436_Aug28_0hour_4,9.25,7.314,3,150,40,E:\Backups\GoogleDrive_AgMEQ_03312022\SOCEM\Data - Instron and SOCEM\SOCEM_DATA_2021\August28\cleanRaw\RAW_SW436_Aug28_0hour_4.xlsx
RAW_SW436_Aug28_0hour_5,9.25,7.314,3,150,40,E:\Backups\GoogleDrive_AgMEQ_03312022\SOCEM\Data - Instron and SOCEM\SOCEM_DATA_2021\August28\cleanRaw\RAW_SW436_Aug28_0hour_5.xlsx
RAW_SW436_Aug28_0hour_6,9.25,7.314,3,150,40,E:\Backups\GoogleDrive_AgMEQ_03312022\SOCEM\Data - Instron and SOCEM\SOCEM_DATA_2021\August28\cleanRaw\RAW_SW436_Aug28_0hour_6.xlsx
RAW_SW436_Aug28_0hour_7,9.25,7.314,3,150,40,E:\Backups\GoogleDrive_AgMEQ_03312022\SOCEM\Data - Instron and SOCEM\SOCEM_DATA_2021\August28\cleanRaw\RAW_SW436_Aug28_0hour_7.xlsx
RAW_SW436_Aug28_0hour_8,9.25,7.314,3,150,40,E:\Backups\GoogleDrive_AgMEQ_03312022\SOCEM\Data - Instron and SOCEM\SOCEM_DATA_2021\August28\cleanRaw\RAW_SW436_Aug28_0hour_8.xlsx
RAW_SW436_Aug28_0hour_9,9.25,7.314,3,150,40,E:\Backups\GoogleDrive_AgMEQ_03312022\SOCEM\Data - Instron and SOCEM\SOCEM_DATA_2021\August28\cleanRaw\RAW_SW436_Aug28_0hour_9.xlsx
RAW_SW436_Aug28_12hour_1,9.25,7.314,3,136,40,E:\Backups\GoogleDrive_AgMEQ_03312022\SOCEM\Data - Instron and SOCEM\SOCEM_DATA_2021\August28\cleanRaw\RAW_SW436_Aug28_12hour_1.xlsx
RAW_SW436_Aug28_12hour_10_forward2,9.25,7.314,3,136,40,E:\Backups\GoogleDrive_AgMEQ_03312022\SOCEM\Data - Instron and SOCEM\SOCEM_DATA_2021\August28\cleanRaw\RAW_SW436_Aug28_12hour_10_forward2.xlsx
RAW_SW436_Aug28_12hour_11_forward3,9.25,7.314,3,136,40,E:\Backups\GoogleDrive_AgMEQ_03312022\SOCEM\Data - Instron and SOCEM\SOCEM_DATA_2021\August28\cleanRaw\RAW_SW436_Aug28_12hour_11_forward3.xlsx
RAW_SW436_Aug28_12hour_12_forward4,9.25,7.314,3,136,40,E:\Backups\GoogleDrive_AgMEQ_03312022\SOCEM\Data - Instron and SOCEM\SOCEM_DATA_2021\August28\cleanRaw\RAW_SW436_Aug28_12hour_12_forward4.xlsx
RAW_SW436_Aug28_12hour_13_side1,9.25,7.314,6,136,40,E:\Backups\GoogleDrive_AgMEQ_03312022\SOCEM\Data - Instron and SOCEM\SOCEM_DATA_2021\August28\cleanRaw\RAW_SW436_Aug28_12hour_13_side1.xlsx
RAW_SW436_Aug28_12hour_14_side2,9.25,7.314,6,136,40,E:\Backups\GoogleDrive_AgMEQ_03312022\SOCEM\Data - Instron and SOCEM\SOCEM_DATA_2021\August28\cleanRaw\RAW_SW436_Aug28_12hour_14_side2.xlsx
RAW_SW436_Aug28_12hour_15_side3,9.25,7.314,6,136,40,E:\Backups\GoogleDrive_AgMEQ_03312022\SOCEM\Data - Instron and SOCEM\SOCEM_DATA_2021\August28\cleanRaw\RAW_SW436_Aug28_12hour_15_side3.xlsx
RAW_SW436_Aug28_12hour_16_side4,9.25,7.314,6,136,40,E:\Backups\GoogleDrive_AgMEQ_03312022\SOCEM\Data - Instron and SOCEM\SOCEM_DATA_2021\August28\cleanRaw\RAW_SW436_Aug28_12hour_16_side4.xlsx
RAW_SW436_Aug28_12hour_2,9.25,7.314,3,136,40,E:\Backups\GoogleDrive_AgMEQ_03312022\SOCEM\Data - Instron and SOCEM\SOCEM_DATA_2021\August28\cleanRaw\RAW_SW436_Aug28_12hour_2.xlsx
RAW_SW436_Aug28_12hour_3,9.25,7.314,3,136,40,E:\Backups\GoogleDrive_AgMEQ_03312022\SOCEM\Data - Instron and SOCEM\SOCEM_DATA_2021\August28\cleanRaw\RAW_SW436_Aug28_12hour_3.xlsx
RAW_SW436_Aug28_12hour_4,9.25,7.314,3,136,40,E:\Backups\GoogleDrive_AgMEQ_03312022\SOCEM\Data - Instron and SOCEM\SOCEM_DATA_2021\August28\cleanRaw\RAW_SW436_Aug28_12hour_4.xlsx
RAW_SW436_Aug28_12hour_5_reverse1,9.25,7.314,3,136,40,E:\Backups\GoogleDrive_AgMEQ_03312022\SOCEM\Data - Instron and SOCEM\SOCEM_DATA_2021\August28\cleanRaw\RAW_SW436_Aug28_12hour_5_reverse1.xlsx
RAW_SW436_Aug28_12hour_6_reverse2,9.25,7.314,3,136,40,E:\Backups\GoogleDrive_AgMEQ_03312022\SOCEM\Data - Instron and SOCEM\SOCEM_DATA_2021\August28\cleanRaw\RAW_SW436_Aug28_12hour_6_reverse2.xlsx
RAW_SW436_Aug28_12hour_7_reverse3,9.25,7.314,3,136,40,E:\Backups\GoogleDrive_AgMEQ_03312022\SOCEM\Data - Instron and SOCEM\SOCEM_DATA_2021\August28\cleanRaw\RAW_SW436_Aug28_12hour_7_reverse3.xlsx
RAW_SW436_Aug28_12hour_8_reverse4,9.25,7.314,3,136,40,E:\Backups\GoogleDrive_AgMEQ_03312022\SOCEM\Data - Instron and SOCEM\SOCEM_DATA_2021\August28\cleanRaw\RAW_SW436_Aug28_12hour_8_reverse4.xlsx
RAW_SW436_Aug28_12hour_9_forward1,9.25,7.314,3,136,40,E:\Backups\GoogleDrive_AgMEQ_03312022\SOCEM\Data - Instron and SOCEM\SOCEM_DATA_2021\August28\cleanRaw\RAW_SW436_Aug28_12hour_9_forward1.xlsx
RAW_SW436_Aug28_8hour_1,9.25,7.314,3,136,40,E:\Backups\GoogleDrive_AgMEQ_03312022\SOCEM\Data - Instron and SOCEM\SOCEM_DATA_2021\August28\cleanRaw\RAW_SW436_Aug28_8hour_1.xlsx
RAW_SW436_Aug28_8hour_10_reverse5,9.25,7.314,3,136,40,E:\Backups\GoogleDrive_AgMEQ_03312022\SOCEM\Data - Instron and SOCEM\SOCEM_DATA_2021\August28\cleanRaw\RAW_SW436_Aug28_8hour_10_reverse5.xlsx
RAW_SW436_Aug28_8hour_11_forward1,9.25,7.314,3,136,40,E:\Backups\GoogleDrive_AgMEQ_03312022\SOCEM\Data - Instron and SOCEM\SOCEM_DATA_2021\August28\cleanRaw\RAW_SW436_Aug28_8hour_11_forward1.xlsx
RAW_SW436_Aug28_8hour_12_forward2,9.25,7.314,3,136,40,E:\Backups\GoogleDrive_AgMEQ_03312022\SOCEM\Data - Instron and SOCEM\SOCEM_DATA_2021\August28\cleanRaw\RAW_SW436_Aug28_8hour_12_forward2.xlsx
RAW_SW436_Aug28_8hour_13_forward3,9.25,7.314,3,136,40,E:\Backups\GoogleDrive_AgMEQ_03312022\SOCEM\Data - Instron and SOCEM\SOCEM_DATA_2021\August28\cleanRaw\RAW_SW436_Aug28_8hour_13_forward3.xlsx
RAW_SW436_Aug28_8hour_14_forward4,9.25,7.314,3,136,40,E:\Backups\GoogleDrive_AgMEQ_03312022\SOCEM\Data - Instron and SOCEM\SOCEM_DATA_2021\August28\cleanRaw\RAW_SW436_Aug28_8hour_14_forward4.xlsx
RAW_SW436_Aug28_8hour_15_forward5,9.25,7.314,3,136,40,E:\Backups\GoogleDrive_AgMEQ_03312022\SOCEM\Data - Instron and SOCEM\SOCEM_DATA_2021\August28\cleanRaw\RAW_SW436_Aug28_8hour_15_forward5.xlsx
RAW_SW436_Aug28_8hour_2,9.25,7.314,3,136,40,E:\Backups\GoogleDrive_AgMEQ_03312022\SOCEM\Data - Instron and SOCEM\SOCEM_DATA_2021\August28\cleanRaw\RAW_SW436_Aug28_8hour_2.xlsx
RAW_SW436_Aug28_8hour_3,9.25,7.314,3,136,40,E:\Backups\GoogleDrive_AgMEQ_03312022\SOCEM\Data - Instron and SOCEM\SOCEM_DATA_2021\August28\cleanRaw\RAW_SW436_Aug28_8hour_3.xlsx
RAW_SW436_Aug28_8hour_4,9.25,7.314,3,136,40,E:\Backups\GoogleDrive_AgMEQ_03312022\SOCEM\Data - Instron and SOCEM\SOCEM_DATA_2021\August28\cleanRaw\RAW_SW436_Aug28_8hour_4.xlsx
RAW_SW436_Aug28_8hour_5,9.25,7.314,3,136,40,E:\Backups\GoogleDrive_AgMEQ_03312022\SOCEM\Data - Instron and SOCEM\SOCEM_DATA_2021\August28\cleanRaw\RAW_SW436_Aug28_8hour_5.xlsx
RAW_SW436_Aug28_8hour_6_reverse1,9.25,7.314,3,136,40,E:\Backups\GoogleDrive_AgMEQ_03312022\SOCEM\Data - Instron and SOCEM\SOCEM_DATA_2021\August28\cleanRaw\RAW_SW436_Aug28_8hour_6_reverse1.xlsx
RAW_SW436_Aug28_8hour_7_reverse2,9.25,7.314,3,136,40,E:\Backups\GoogleDrive_AgMEQ_03312022\SOCEM\Data - Instron and SOCEM\SOCEM_DATA_2021\August28\cleanRaw\RAW_SW436_Aug28_8hour_7_reverse2.xlsx
RAW_SW436_Aug28_8hour_8_reverse3,9.25,7.314,3,136,40,E:\Backups\GoogleDrive_AgMEQ_03312022\SOCEM\Data - Instron and SOCEM\SOCEM_DATA_2021\August28\cleanRaw\RAW_SW436_Aug28_8hour_8_reverse3.xlsx
RAW_SW436_Aug28_8hour_9_reverse4,9.25,7.314,3,136,40,E:\Backups\GoogleDrive_AgMEQ_03312022\SOCEM\Data - Instron and SOCEM\SOCEM_DATA_2021\August28\cleanRaw\RAW_SW436_Aug28_8hour_9_reverse4.xlsx
