Analysis description,Variety,Plot,Test description,Filename,Rows,Force bar bottom height (in.),Avg height (in),Avg stem count,Sample distance (in),Spacing (in),Avg force peak (lbs),"Avg force (lbs), =(Area under curve)/(xCut[1]-xCut[0])",Area under curve (lbs*in),EI-I (lbs*in^2),EI-N (lbs*in^2),EI-M (lbs*in^2),x of force peak (in.)_1,x of force peak (in.)_2,x of force peak (in.)_3,Force peaks at x (lbs.)_1,Force peaks at x (lbs.)_2,Force peaks at x (lbs.)_3
ENCODER WORKED,Brundage 96,SW102,perpindicular_Aug23postBigRain_stndrdHeight575_0inTo30in,RAW_SW102_perpindicular_Aug23postBigRain_stndrdHeight575_0inTo30in.xlsx,1,4.964,6.75,99,40,0.404,2.383,0.864,35.2564,10.433,12.443,11.438,9.114,20.058,29.877,1.426458929,2.375476786,3.345583929
ENCODER WORKED,Brundage 96,SW102,perpindicular_Aug23postBigRain_stndrdHeight575_120inTo150in,RAW_SW102_perpindicular_Aug23postBigRain_stndrdHeight575_120inTo150in.xlsx,1,4.964,6.75,99,40,0.404,3.058,1.068,42.0425,13.39,15.969,14.68,5.832,16.366,26.601,2.355285714,3.482607143,3.335107143
ENCODER WORKED,Brundage 96,SW102,perpindicular_Aug23postBigRain_stndrdHeight575_150inTo180in,RAW_SW102_perpindicular_Aug23postBigRain_stndrdHeight575_150inTo180in.xlsx,1,4.964,6.75,99,40,0.404,5.676,2.552,105.3373,24.855,29.642,27.249,7.107,17.547,27.574,6.386271429,5.0995125,5.541235714
ENCODER WORKED,Brundage 96,SW102,perpindicular_Aug23postBigRain_stndrdHeight575_30inTo60in,RAW_SW102_perpindicular_Aug23postBigRain_stndrdHeight575_30inTo60in.xlsx,1,4.964,6.75,99,40,0.404,2.174,0.871,34.2048,9.519,11.352,10.436,7.498,18.509,27.833,3.549303571,1.604660714,1.366982143
ENCODER WORKED,Brundage 96,SW102,perpindicular_Aug23postBigRain_stndrdHeight575_60inTo90in,RAW_SW102_perpindicular_Aug23postBigRain_stndrdHeight575_60inTo90in.xlsx,1,4.964,6.75,99,40,0.404,1.069,0.395,14.009,4.681,5.582,5.131,6.719,16.24,27.593,1.085994643,0.296191071,1.824289286
ENCODER WORKED,Brundage 96,SW102,perpindicular_Aug23postBigRain_stndrdHeight575_90inTo120in,RAW_SW102_perpindicular_Aug23postBigRain_stndrdHeight575_90inTo120in.xlsx,1,4.964,6.75,99,40,0.404,3.457,1.071,40.5247,15.14,18.056,16.598,5.303,16.858,26.198,2.909794048,2.457829762,5.003895238
ENCODER WORKED,Brundage 96,SW316,perpindicular_Aug23postBigRain_stndrdHeight575_0inTo30in,RAW_SW316_perpindicular_Aug23postBigRain_stndrdHeight575_0inTo30in.xlsx,1,4.964,8.17,112.5,40,0.356,3.655,1.605,71.3123,11.181,20.044,15.612,9.021,20.631,30.161,3.6397625,2.351554167,4.972908333
ENCODER WORKED,Brundage 96,SW316,perpindicular_Aug23postBigRain_stndrdHeight575_120inTo150in,RAW_SW316_perpindicular_Aug23postBigRain_stndrdHeight575_120inTo150in.xlsx,1,4.964,8.17,112.5,40,0.356,4.316,1.828,81.178,13.205,23.673,18.439,7.925,17.893,27.642,4.453313095,3.93330119,4.562789286
ENCODER WORKED,Brundage 96,SW316,perpindicular_Aug23postBigRain_stndrdHeight575_150inTo180in,RAW_SW316_perpindicular_Aug23postBigRain_stndrdHeight575_150inTo180in.xlsx,1,4.964,8.17,112.5,40,0.356,2.654,1.24,51.8576,8.119,14.555,11.337,9.807,18.983,29.306,3.374067857,2.227602855,2.359965599
ENCODER WORKED,Brundage 96,SW316,perpindicular_Aug23postBigRain_stndrdHeight575_30inTo60in,RAW_SW316_perpindicular_Aug23postBigRain_stndrdHeight575_30inTo60in.xlsx,1,4.964,8.17,112.5,40,0.356,3.432,1.478,60.6009,10.499,18.823,14.661,8.035,15.734,28.769,5.666081548,1.144925177,3.48520867
ENCODER WORKED,Brundage 96,SW316,perpindicular_Aug23postBigRain_stndrdHeight575_60inTo90in,RAW_SW316_perpindicular_Aug23postBigRain_stndrdHeight575_60inTo90in.xlsx,1,4.964,8.17,112.5,40,0.356,6.381,2.388,96.1688,19.522,34.998,27.26,8.155,18.375,28.898,7.66514881,4.53711093,6.941532433
ENCODER WORKED,Brundage 96,SW316,perpindicular_Aug23postBigRain_stndrdHeight575_90inTo120in,RAW_SW316_perpindicular_Aug23postBigRain_stndrdHeight575_90inTo120in.xlsx,1,4.964,8.17,112.5,40,0.356,1.468,0.542,22.8264,4.49,8.05,6.27,6.844,18.27,28.961,1.845683333,0.285733929,2.27174881
ENCODER WORKED,Brundage 96,SW332,perpindicular_Aug23postBigRain_stndrdHeight350_0inTo30in,RAW_SW332_perpindicular_Aug23postBigRain_stndrdHeight350_0inTo30in.xlsx,1,2.714,5.33,76,40,0.526,3.378,1.07,47.1367,6.352,32.757,19.555,6.969,17.85,28.405,3.772535714,3.765724043,2.596387202
ENCODER WORKED,Brundage 96,SW332,perpindicular_Aug23postBigRain_stndrdHeight350_120inTo150in,RAW_SW332_perpindicular_Aug23postBigRain_stndrdHeight350_120inTo150in.xlsx,1,2.714,5.33,76,40,0.526,2.202,0.609,26.797,4.14,21.348,12.744,9.448,18.029,28.892,1.486416071,2.319371429,2.798951786
ENCODER WORKED,Brundage 96,SW332,perpindicular_Aug23postBigRain_stndrdHeight350_150inTo180in,RAW_SW332_perpindicular_Aug23postBigRain_stndrdHeight350_150inTo180in.xlsx,1,2.714,5.33,76,40,0.526,3.42,1.288,55.9572,6.43,33.159,19.795,7.797,18.229,28.445,3.163623214,3.245102381,3.85037619
ENCODER WORKED,Brundage 96,SW332,perpindicular_Aug23postBigRain_stndrdHeight350_30inTo60in,RAW_SW332_perpindicular_Aug23postBigRain_stndrdHeight350_30inTo60in.xlsx,1,2.714,5.33,76,40,0.526,2.869,1.092,45.7467,5.395,27.819,16.607,6.49,16.309,26.755,2.920635714,3.673290476,2.013022619
ENCODER WORKED,Brundage 96,SW332,perpindicular_Aug23postBigRain_stndrdHeight350_60inTo90in,RAW_SW332_perpindicular_Aug23postBigRain_stndrdHeight350_60inTo90in.xlsx,1,2.714,5.33,76,40,0.526,1.503,0.57,21.7741,2.827,14.576,8.702,5.575,14.403,26.045,1.020909524,1.470424405,2.018463095
ENCODER WORKED,Brundage 96,SW332,perpindicular_Aug23postBigRain_stndrdHeight350_90inTo120in,RAW_SW332_perpindicular_Aug23postBigRain_stndrdHeight350_90inTo120in.xlsx,1,2.714,5.33,76,40,0.526,1.876,0.751,26.1047,3.529,18.195,10.862,4.461,13.2,26.085,2.732032143,0.562734524,2.334603571
ENCODER WORKED,Brundage 96,SW416,perpindicular_Aug23postBigRain_stndrdHeight575_0inTo30in,RAW_SW416_perpindicular_Aug23postBigRain_stndrdHeight575_0inTo30in.xlsx,1,4.964,8.57,134,40,0.299,3.833,1.439,56.0104,9.727,19.642,14.684,7.801,19.026,29.365,3.748442857,2.431311905,5.319478571
ENCODER WORKED,Brundage 96,SW416,perpindicular_Aug23postBigRain_stndrdHeight575_120inTo150in,RAW_SW416_perpindicular_Aug23postBigRain_stndrdHeight575_120inTo150in.xlsx,1,4.964,8.57,134,40,0.299,2.498,0.901,37.7569,6.34,12.803,9.572,4.819,15.787,25.292,1.93193631,2.203463095,3.359966071
ENCODER WORKED,Brundage 96,SW416,perpindicular_Aug23postBigRain_stndrdHeight575_150inTo180in,RAW_SW416_perpindicular_Aug23postBigRain_stndrdHeight575_150inTo180in.xlsx,1,4.964,8.57,134,40,0.299,2.079,0.726,28.6644,5.276,10.654,7.965,5.653,15.31,25.464,1.149683333,1.81449881,3.27312381
ENCODER WORKED,Brundage 96,SW416,perpindicular_Aug23postBigRain_stndrdHeight575_30inTo60in,RAW_SW416_perpindicular_Aug23postBigRain_stndrdHeight575_30inTo60in.xlsx,1,4.964,8.57,134,40,0.299,3.706,1.196,49.1638,9.403,18.989,14.196,4.048,15.05,25.435,4.3742,3.122522857,3.620051429
ENCODER WORKED,Brundage 96,SW416,perpindicular_Aug23postBigRain_stndrdHeight575_60inTo90in,RAW_SW416_perpindicular_Aug23postBigRain_stndrdHeight575_60inTo90in.xlsx,1,4.964,8.57,134,40,0.299,3.427,1.069,41.1506,8.695,17.559,13.127,4.463,15,25.341,3.016877976,2.365389881,4.897309524
ENCODER WORKED,Brundage 96,SW416,perpindicular_Aug23postBigRain_stndrdHeight575_90inTo120in,RAW_SW416_perpindicular_Aug23postBigRain_stndrdHeight575_90inTo120in.xlsx,1,4.964,8.57,134,40,0.299,3.861,1.272,49.6232,9.798,19.787,14.792,7.627,18.774,27.357,2.960354167,1.4468125,7.17664881
ENCODER WORKED,LCS Artdeco,SW126,perpindicular_Aug23postBigRain_stndrdHeight575_0inTo30in,RAW_SW126_perpindicular_Aug23postBigRain_stndrdHeight575_0inTo30in.xlsx,1,4.964,7.67,118.5,40,0.338,3.786,1.235,53.5104,11.679,17.754,14.717,9.493,20.551,31.502,3.347204762,3.413895238,4.59765119
ENCODER WORKED,LCS Artdeco,SW126,perpindicular_Aug23postBigRain_stndrdHeight575_120inTo150in,RAW_SW126_perpindicular_Aug23postBigRain_stndrdHeight575_120inTo150in.xlsx,1,4.964,7.67,118.5,40,0.338,6.298,2.349,103.5116,19.426,29.531,24.479,10.56,21.767,30.799,7.671190476,5.450446429,5.771517857
ENCODER WORKED,LCS Artdeco,SW126,perpindicular_Aug23postBigRain_stndrdHeight575_150inTo180in,RAW_SW126_perpindicular_Aug23postBigRain_stndrdHeight575_150inTo180in.xlsx,1,4.964,7.67,118.5,40,0.338,8.438,3.437,132.5681,26.027,39.565,32.796,6.631,17.383,27.353,9.085573214,7.196492857,9.030817262
ENCODER WORKED,LCS Artdeco,SW126,perpindicular_Aug23postBigRain_stndrdHeight575_30inTo60in,RAW_SW126_perpindicular_Aug23postBigRain_stndrdHeight575_30inTo60in.xlsx,1,4.964,7.67,118.5,40,0.338,2.686,1.051,39.9836,8.285,12.595,10.44,4.955,14.911,25.349,3.0095,1.116791667,3.931895833
ENCODER WORKED,LCS Artdeco,SW126,perpindicular_Aug23postBigRain_stndrdHeight575_60inTo90in,RAW_SW126_perpindicular_Aug23postBigRain_stndrdHeight575_60inTo90in.xlsx,1,4.964,7.67,118.5,40,0.338,4.391,1.721,62.0144,13.543,20.588,17.066,8.989,19.087,29.092,5.886266667,1.308266667,5.9771
ENCODER WORKED,LCS Artdeco,SW126,perpindicular_Aug23postBigRain_stndrdHeight575_90inTo120in,RAW_SW126_perpindicular_Aug23postBigRain_stndrdHeight575_90inTo120in.xlsx,1,4.964,7.67,118.5,40,0.338,4.403,1.721,62.0144,13.581,20.645,17.113,8.618,19.087,28.907,5.904433333,1.2901,6.013433333
ENCODER WORKED,LCS Artdeco,SW203,perpindicular_Aug23postBigRain_stndrdHeight575_0inTo30in,RAW_SW203_perpindicular_Aug23postBigRain_stndrdHeight575_0inTo30in.xlsx,1,4.964,8.01,103.5,40,0.386,4.687,1.918,87.1083,15.679,27.083,21.381,10.617,20.992,31.143,4.3265875,6.546566667,3.187129167
ENCODER WORKED,LCS Artdeco,SW203,perpindicular_Aug23postBigRain_stndrdHeight575_120inTo150in,RAW_SW203_perpindicular_Aug23postBigRain_stndrdHeight575_120inTo150in.xlsx,1,4.964,8.01,103.5,40,0.386,5.191,2.232,91.5252,17.366,29.996,23.681,11.628,22.816,31.232,4.17220119,5.687969048,5.712389752
ENCODER WORKED,LCS Artdeco,SW203,perpindicular_Aug23postBigRain_stndrdHeight575_30inTo60in,RAW_SW203_perpindicular_Aug23postBigRain_stndrdHeight575_30inTo60in.xlsx,1,4.964,8.01,103.5,40,0.386,4.401,1.702,75.1605,14.723,25.432,20.077,8.297,18.76,29.55,3.901594643,4.541558929,4.759728571
ENCODER WORKED,LCS Artdeco,SW203,perpindicular_Aug23postBigRain_stndrdHeight575_60inTo90in,RAW_SW203_perpindicular_Aug23postBigRain_stndrdHeight575_60inTo90in.xlsx,1,4.964,8.01,103.5,40,0.386,2.473,0.903,40.2917,8.273,14.29,11.281,9.07,20.941,30.724,1.629595238,1.642244048,4.146708333
ENCODER WORKED,LCS Artdeco,SW203,perpindicular_Aug23postBigRain_stndrdHeight575_90inTo120in,RAW_SW203_perpindicular_Aug23postBigRain_stndrdHeight575_90inTo120in.xlsx,1,4.964,8.01,103.5,40,0.386,4.01,1.429,64.2666,13.414,23.17,18.292,9.384,21.112,29.632,3.335746429,3.654933929,5.038079762
ENCODER WORKED,Nixon,SW116,perpindicular_Aug23postBigRain_stndrdHeight575_0inTo30in,RAW_SW116_perpindicular_Aug23postBigRain_stndrdHeight575_0inTo30in.xlsx,1,4.964,8.54,134,40,0.299,3.361,1.635,86.1775,8.545,17.159,12.852,10.026,18.865,29.851,3.611059524,3.622949405,2.850107143
ENCODER WORKED,Nixon,SW116,perpindicular_Aug23postBigRain_stndrdHeight575_30inTo60in,RAW_SW116_perpindicular_Aug23postBigRain_stndrdHeight575_30inTo60in.xlsx,1,4.964,8.54,134,40,0.299,3.839,1.504,66.2583,9.76,19.598,14.679,7.84,19.156,29.275,4.974220833,2.667542438,3.876086746
ENCODER WORKED,Nixon,SW116,perpindicular_Aug23postBigRain_stndrdHeight575_60inTo90in,RAW_SW116_perpindicular_Aug23postBigRain_stndrdHeight575_60inTo90in.xlsx,1,4.964,8.54,134,40,0.299,3.719,1.496,63.2326,9.455,18.986,14.22,7.306,18.455,28.343,4.250635119,2.99616166,3.911158158
ENCODER WORKED,Nixon,SW116,perpindicular_Aug23postBigRain_stndrdHeight575_90inTo120in,RAW_SW116_perpindicular_Aug23postBigRain_stndrdHeight575_90inTo120in.xlsx,1,4.964,8.54,134,40,0.299,2.609,0.856,39.1048,6.633,13.32,9.977,11.03,21.119,30.423,2.537219643,2.570517262,2.720356548
ENCODER WORKED,Nixon,SW204,perpindicular_Aug23postBigRain_stndrdHeight575_0inTo30in,RAW_SW204_perpindicular_Aug23postBigRain_stndrdHeight575_0inTo30in.xlsx,1,4.964,9.29,37.5,40,1.067,1.752,0.774,34.7593,12.676,51.001,31.839,43.673,55.069,66.134,0.638790476,2.15162381,2.46462381
ENCODER WORKED,Nixon,SW204,perpindicular_Aug23postBigRain_stndrdHeight575_120inTo150in,RAW_SW204_perpindicular_Aug23postBigRain_stndrdHeight575_120inTo150in.xlsx,1,4.964,9.29,37.5,40,1.067,1.039,0.452,19.7178,7.519,30.253,18.886,9.783,20.897,31.471,0.661467857,0.204232738,2.251554167
ENCODER WORKED,Nixon,SW204,perpindicular_Aug23postBigRain_stndrdHeight575_150inTo180in,RAW_SW204_perpindicular_Aug23postBigRain_stndrdHeight575_150inTo180in.xlsx,1,4.964,9.29,37.5,40,1.067,1.046,0.452,19.7178,7.569,30.452,19.01,9.567,20.681,31.255,0.647819048,0.224705952,2.265202976
ENCODER WORKED,Nixon,SW204,perpindicular_Aug23postBigRain_stndrdHeight575_30inTo60in,RAW_SW204_perpindicular_Aug23postBigRain_stndrdHeight575_30inTo60in.xlsx,1,4.964,9.29,37.5,40,1.067,0.861,0.342,14.4981,6.231,25.071,15.651,9.671,19.381,30.252,0.776614286,0.903310714,0.903310714
ENCODER WORKED,Nixon,SW204,perpindicular_Aug23postBigRain_stndrdHeight575_60inTo90in,RAW_SW204_perpindicular_Aug23postBigRain_stndrdHeight575_60inTo90in.xlsx,1,4.964,9.29,37.5,40,1.067,1.108,0.492,21.0607,8.017,32.255,20.136,10.728,22.099,30.707,0.895561905,0.59390119,1.834061905
ENCODER WORKED,Nixon,SW204,perpindicular_Aug23postBigRain_stndrdHeight575_90inTo120in,RAW_SW204_perpindicular_Aug23postBigRain_stndrdHeight575_90inTo120in.xlsx,1,4.964,9.29,37.5,40,1.067,0.556,0.233,10.3707,4.024,16.19,10.107,11.897,23.088,33.511,0.070667262,0.98116131,0.616360714
ENCODER WORKED,Nixon,SW427,perpindicular_Aug23postBigRain_stndrdHeight575_110inTo140in,RAW_SW427_perpindicular_Aug23postBigRain_stndrdHeight575_110inTo140in.xlsx,1,4.964,8.71,125,40,0.32,3.174,1.179,44.1882,8.46,18.367,13.414,7.806,18.604,27.014,3.635541071,1.809847619,4.076648214
ENCODER WORKED,Nixon,SW427,perpindicular_Aug23postBigRain_stndrdHeight575_20inTo50in,RAW_SW427_perpindicular_Aug23postBigRain_stndrdHeight575_20inTo50in.xlsx,1,4.964,8.71,125,40,0.32,2.853,1.503,52.417,7.604,16.508,12.056,7.73,18.203,29.217,2.334819048,3.236961905,2.986366667
ENCODER WORKED,Nixon,SW427,perpindicular_Aug23postBigRain_stndrdHeight575_70inTo100in,RAW_SW427_perpindicular_Aug23postBigRain_stndrdHeight575_70inTo100in.xlsx,1,4.964,8.71,125,40,0.32,2.462,1.18,40.9409,6.562,14.247,10.405,4.531,17.48,26.921,2.426395238,2.758707738,2.200972619
ENCODER WORKED,Purl,SW104,perpindicular_Aug23postBigRain_stndrdHeight575_0inTo30in,RAW_SW104_perpindicular_Aug23postBigRain_stndrdHeight575_0inTo30in.xlsx,1,4.964,8.83,137.5,40,0.291,4.197,1.959,82.9639,10.216,23.05,16.633,9.224,19.971,29.98,5.622720238,3.341847428,3.627797559
ENCODER WORKED,Purl,SW104,perpindicular_Aug23postBigRain_stndrdHeight575_120inTo150in,RAW_SW104_perpindicular_Aug23postBigRain_stndrdHeight575_120inTo150in.xlsx,1,4.964,8.83,137.5,40,0.291,4.304,2.11,75.8532,10.477,23.638,17.057,4.431,15.249,24.68,3.996864286,5.301542857,3.615007143
ENCODER WORKED,Purl,SW104,perpindicular_Aug23postBigRain_stndrdHeight575_150inTo10in,RAW_SW104_perpindicular_Aug23postBigRain_stndrdHeight575_150inTo10in.xlsx,1,4.964,8.83,137.5,40,0.291,3.199,1.591,65.2471,7.787,17.569,12.678,5.777,16.041,25.587,2.991597024,2.418102976,4.188454167
ENCODER WORKED,Purl,SW104,perpindicular_Aug23postBigRain_stndrdHeight575_30inTo60in,RAW_SW104_perpindicular_Aug23postBigRain_stndrdHeight575_30inTo60in.xlsx,1,4.964,8.83,137.5,40,0.291,5.068,2.318,99.4193,12.334,27.829,20.082,5.858,16.716,25.552,7.491278571,1.798938916,5.912805753
ENCODER WORKED,Purl,SW104,perpindicular_Aug23postBigRain_stndrdHeight575_60inTo90in,RAW_SW104_perpindicular_Aug23postBigRain_stndrdHeight575_60inTo90in.xlsx,1,4.964,8.83,137.5,40,0.291,3.468,1.782,64.5447,8.442,19.046,13.744,3.556,15.833,25.598,5.485566667,1.613195516,3.306125179
ENCODER WORKED,Purl,SW104,perpindicular_Aug23postBigRain_stndrdHeight575_90inTo120in,RAW_SW104_perpindicular_Aug23postBigRain_stndrdHeight575_90inTo120in.xlsx,1,4.964,8.83,137.5,40,0.291,3.852,1.349,57.6155,9.376,21.155,15.265,5.503,16.43,26.827,4.614171429,2.698758367,4.243895357
ENCODER WORKED,Purl,SW226,perpindicular_Aug23postBigRain_stndrdHeight575_0inTo30in,RAW_SW226_perpindicular_Aug23postBigRain_stndrdHeight575_0inTo30in.xlsx,1,4.964,7.67,98,40,0.408,4.044,1.629,66.496,14.789,22.905,18.847,7.171,18.729,29.161,4.620692857,3.831514286,3.679216667
ENCODER WORKED,Purl,SW226,perpindicular_Aug23postBigRain_stndrdHeight575_120inTo150in,RAW_SW226_perpindicular_Aug23postBigRain_stndrdHeight575_120inTo150in.xlsx,1,4.964,7.67,98,40,0.408,3.958,1.865,74.6225,14.477,22.421,18.449,6.373,16.739,27.005,3.326954762,3.972085714,4.576038095
ENCODER WORKED,Purl,SW226,perpindicular_Aug23postBigRain_stndrdHeight575_150inTo180in,RAW_SW226_perpindicular_Aug23postBigRain_stndrdHeight575_150inTo180in.xlsx,1,4.964,7.67,98,40,0.408,5.375,2.111,83.7045,19.658,30.447,25.053,6.391,16.383,25.375,5.213624405,5.364079762,5.547969643
ENCODER WORKED,Purl,SW226,perpindicular_Aug23postBigRain_stndrdHeight575_30inTo60in,RAW_SW226_perpindicular_Aug23postBigRain_stndrdHeight575_30inTo60in.xlsx,1,4.964,7.67,98,40,0.408,3.815,1.412,55.3488,13.954,21.612,17.783,7.377,17.575,27.971,4.54012381,2.352504762,4.553796429
ENCODER WORKED,Purl,SW226,perpindicular_Aug23postBigRain_stndrdHeight575_60inTo90in,RAW_SW226_perpindicular_Aug23postBigRain_stndrdHeight575_60inTo90in.xlsx,1,4.964,7.67,98,40,0.408,3.427,1.082,41.1377,12.534,19.413,15.974,4.955,16.554,26.412,3.092620238,1.764757143,5.424477381
ENCODER WORKED,Purl,SW226,perpindicular_Aug23postBigRain_stndrdHeight575_90inTo120in,RAW_SW226_perpindicular_Aug23postBigRain_stndrdHeight575_90inTo120in.xlsx,1,4.964,7.67,98,40,0.408,4.137,1.747,71.9525,15.13,23.433,19.282,8.082,20.442,29.712,4.038490476,2.543216667,5.829341667
ENCODER WORKED,Purl,SW334,perpindicular_Aug23postBigRain_stndrdHeight575_0inTo30in,RAW_SW334_perpindicular_Aug23postBigRain_stndrdHeight575_0inTo30in.xlsx,1,4.964,8.67,104,40,0.385,1.64,0.435,16.3708,5.128,11.393,8.26,6.968,16.975,28.06,1.756964881,1.805369643,1.357625595
ENCODER WORKED,Purl,SW334,perpindicular_Aug23postBigRain_stndrdHeight575_150inTo180in,RAW_SW334_perpindicular_Aug23postBigRain_stndrdHeight575_150inTo180in.xlsx,1,4.964,8.67,104,40,0.385,4.509,1.917,83.2563,14.096,31.32,22.708,47.987,57.343,68.42,3.425021429,5.070092857,5.030442139
ENCODER WORKED,Purl,SW334,perpindicular_Aug23postBigRain_stndrdHeight575_30inTo60in,RAW_SW334_perpindicular_Aug23postBigRain_stndrdHeight575_30inTo60in.xlsx,1,4.964,8.67,104,40,0.385,1.845,0.659,26.9748,5.769,12.817,9.293,7.705,17.029,28.812,1.760179762,1.030459524,2.744453571
ENCODER WORKED,Purl,SW334,perpindicular_Aug23postBigRain_stndrdHeight575_60inTo90in,RAW_SW334_perpindicular_Aug23postBigRain_stndrdHeight575_60inTo90in.xlsx,1,4.964,8.67,104,40,0.385,3.82,1.803,71.7998,11.945,26.54,19.242,7.335,17.363,28.093,4.0578125,2.9021875,4.50125
ENCODER WORKED,Purl,SW334,perpindicular_Aug23postBigRain_stndrdHeight575_90inTo120in,RAW_SW334_perpindicular_Aug23postBigRain_stndrdHeight575_90inTo120in.xlsx,1,4.964,8.67,104,40,0.385,2.894,1.042,41.6077,9.047,20.101,14.574,8.964,19.915,30.765,3.852882143,0.951429762,3.876280952
ENCODER WORKED,Purl,SW429,perpindicular_Aug23postBigRain_stndrdHeight575_110inTo140in,RAW_SW429_perpindicular_Aug23postBigRain_stndrdHeight575_110inTo140in.xlsx,1,4.964,8.58,72,40,0.556,3.949,2.025,87.7683,17.091,39.231,28.161,7.346,18.726,27.637,3.3188875,3.836777381,4.690595833
ENCODER WORKED,Purl,SW429,perpindicular_Aug23postBigRain_stndrdHeight575_140inTo170in,RAW_SW429_perpindicular_Aug23postBigRain_stndrdHeight575_140inTo170in.xlsx,1,4.964,8.58,72,40,0.556,4.81,2.266,103.9444,20.818,47.785,34.302,9.507,19.741,28.401,4.475728571,5.51127619,4.44232381
ENCODER WORKED,Purl,SW429,perpindicular_Aug23postBigRain_stndrdHeight575_20inTo50in,RAW_SW429_perpindicular_Aug23postBigRain_stndrdHeight575_20inTo50in.xlsx,1,4.964,8.58,72,40,0.556,7.5,3.399,154.0748,32.461,74.512,53.487,4.578,14.379,24.847,9.359130952,5.553385452,7.587202594
ENCODER WORKED,Purl,SW429,perpindicular_Aug23postBigRain_stndrdHeight575_50inTo80in,RAW_SW429_perpindicular_Aug23postBigRain_stndrdHeight575_50inTo80in.xlsx,1,4.964,8.58,72,40,0.556,3.804,1.845,65.8443,16.465,37.793,27.129,5.846,17.06,26.987,5.212390476,5.43772381,0.761892358
ENCODER WORKED,Purl,SW429,perpindicular_Aug23postBigRain_stndrdHeight575_80inTo110in,RAW_SW429_perpindicular_Aug23postBigRain_stndrdHeight575_80inTo110in.xlsx,1,4.964,8.58,72,40,0.556,5.036,2.519,96.6944,21.799,50.037,35.918,5.154,18.032,27.105,5.097847619,4.511180952,5.500133333
