Analysis description,Variety,Plot,Test description,Filename,Rows,Force bar bottom height (in.),Avg height (in),Avg stem count,Sample distance (in),Spacing (in),Avg force peak (lbs),"Avg force (lbs), =(Area under curve)/(xCut[1]-xCut[0])",Area under curve (lbs*in),EI-I (lbs*in^2),EI-N (lbs*in^2),EI-M (lbs*in^2)
ENCODER WORKED,Brundage 96,SW102,perpindicular_Aug23postBigRain_stndrdHeight575_0inTo30in,RAW_SW102_perpindicular_Aug23postBigRain_stndrdHeight575_0inTo30in.xlsx,1,4.964,6.75,99,40,0.404,2.403,1.133,34.8001,10.522,12.548,11.535
ENCODER WORKED,Brundage 96,SW102,perpindicular_Aug23postBigRain_stndrdHeight575_120inTo150in,RAW_SW102_perpindicular_Aug23postBigRain_stndrdHeight575_120inTo150in.xlsx,1,4.964,6.75,99,40,0.404,3.073,1.352,41.8994,13.457,16.049,14.753
ENCODER WORKED,Brundage 96,SW102,perpindicular_Aug23postBigRain_stndrdHeight575_150inTo180in,RAW_SW102_perpindicular_Aug23postBigRain_stndrdHeight575_150inTo180in.xlsx,1,4.964,6.75,99,40,0.404,5.661,3.093,105.3326,24.79,29.564,27.177
ENCODER WORKED,Brundage 96,SW102,perpindicular_Aug23postBigRain_stndrdHeight575_30inTo60in,RAW_SW102_perpindicular_Aug23postBigRain_stndrdHeight575_30inTo60in.xlsx,1,4.964,6.75,99,40,0.404,2.204,1.097,34.1945,9.65,11.509,10.58
ENCODER WORKED,Brundage 96,SW102,perpindicular_Aug23postBigRain_stndrdHeight575_60inTo90in,RAW_SW102_perpindicular_Aug23postBigRain_stndrdHeight575_60inTo90in.xlsx,1,4.964,6.75,99,40,0.404,1.068,0.453,13.9664,4.677,5.578,5.127
ENCODER WORKED,Brundage 96,SW102,perpindicular_Aug23postBigRain_stndrdHeight575_90inTo120in,RAW_SW102_perpindicular_Aug23postBigRain_stndrdHeight575_90inTo120in.xlsx,1,4.964,6.75,99,40,0.404,3.463,1.346,40.3978,15.164,18.085,16.624
ENCODER WORKED,Brundage 96,SW316,perpindicular_Aug23postBigRain_stndrdHeight575_0inTo30in,RAW_SW316_perpindicular_Aug23postBigRain_stndrdHeight575_0inTo30in.xlsx,1,4.964,8.17,112.5,40,0.356,3.619,2.068,71.191,11.071,19.848,15.459
ENCODER WORKED,Brundage 96,SW316,perpindicular_Aug23postBigRain_stndrdHeight575_120inTo150in,RAW_SW316_perpindicular_Aug23postBigRain_stndrdHeight575_120inTo150in.xlsx,1,4.964,8.17,112.5,40,0.356,4.283,2.439,80.8929,13.101,23.488,18.294
ENCODER WORKED,Brundage 96,SW316,perpindicular_Aug23postBigRain_stndrdHeight575_150inTo180in,RAW_SW316_perpindicular_Aug23postBigRain_stndrdHeight575_150inTo180in.xlsx,1,4.964,8.17,112.5,40,0.356,2.652,1.556,51.8797,8.113,14.544,11.329
ENCODER WORKED,Brundage 96,SW316,perpindicular_Aug23postBigRain_stndrdHeight575_30inTo60in,RAW_SW316_perpindicular_Aug23postBigRain_stndrdHeight575_30inTo60in.xlsx,1,4.964,8.17,112.5,40,0.356,3.433,1.927,60.424,10.503,18.829,14.666
ENCODER WORKED,Brundage 96,SW316,perpindicular_Aug23postBigRain_stndrdHeight575_60inTo90in,RAW_SW316_perpindicular_Aug23postBigRain_stndrdHeight575_60inTo90in.xlsx,1,4.964,8.17,112.5,40,0.356,6.374,3.045,96.0434,19.5,34.958,27.229
ENCODER WORKED,Brundage 96,SW316,perpindicular_Aug23postBigRain_stndrdHeight575_90inTo120in,RAW_SW316_perpindicular_Aug23postBigRain_stndrdHeight575_90inTo120in.xlsx,1,4.964,8.17,112.5,40,0.356,1.465,0.695,22.8604,4.483,8.037,6.26
ENCODER WORKED,Brundage 96,SW332,perpindicular_Aug23postBigRain_stndrdHeight350_0inTo30in,RAW_SW332_perpindicular_Aug23postBigRain_stndrdHeight350_0inTo30in.xlsx,1,2.714,5.33,76,40,0.526,3.368,1.525,46.7214,6.333,32.659,19.496
ENCODER WORKED,Brundage 96,SW332,perpindicular_Aug23postBigRain_stndrdHeight350_120inTo150in,RAW_SW332_perpindicular_Aug23postBigRain_stndrdHeight350_120inTo150in.xlsx,1,2.714,5.33,76,40,0.526,2.205,0.917,26.4294,4.147,21.385,12.766
ENCODER WORKED,Brundage 96,SW332,perpindicular_Aug23postBigRain_stndrdHeight350_150inTo180in,RAW_SW332_perpindicular_Aug23postBigRain_stndrdHeight350_150inTo180in.xlsx,1,2.714,5.33,76,40,0.526,3.438,1.788,55.5855,6.464,33.332,19.898
ENCODER WORKED,Brundage 96,SW332,perpindicular_Aug23postBigRain_stndrdHeight350_30inTo60in,RAW_SW332_perpindicular_Aug23postBigRain_stndrdHeight350_30inTo60in.xlsx,1,2.714,5.33,76,40,0.526,2.868,1.412,45.4378,5.394,27.813,16.604
ENCODER WORKED,Brundage 96,SW332,perpindicular_Aug23postBigRain_stndrdHeight350_60inTo90in,RAW_SW332_perpindicular_Aug23postBigRain_stndrdHeight350_60inTo90in.xlsx,1,2.714,5.33,76,40,0.526,1.52,0.713,21.5875,2.858,14.736,8.797
ENCODER WORKED,Brundage 96,SW332,perpindicular_Aug23postBigRain_stndrdHeight350_90inTo120in,RAW_SW332_perpindicular_Aug23postBigRain_stndrdHeight350_90inTo120in.xlsx,1,2.714,5.33,76,40,0.526,1.893,0.86,26.0274,3.56,18.356,10.958
ENCODER WORKED,Brundage 96,SW416,perpindicular_Aug23postBigRain_stndrdHeight575_0inTo30in,RAW_SW416_perpindicular_Aug23postBigRain_stndrdHeight575_0inTo30in.xlsx,1,4.964,8.57,134,40,0.299,3.823,1.732,55.8766,9.702,19.592,14.647
ENCODER WORKED,Brundage 96,SW416,perpindicular_Aug23postBigRain_stndrdHeight575_120inTo150in,RAW_SW416_perpindicular_Aug23postBigRain_stndrdHeight575_120inTo150in.xlsx,1,4.964,8.57,134,40,0.299,2.482,1.195,37.6939,6.299,12.72,9.509
ENCODER WORKED,Brundage 96,SW416,perpindicular_Aug23postBigRain_stndrdHeight575_150inTo180in,RAW_SW416_perpindicular_Aug23postBigRain_stndrdHeight575_150inTo180in.xlsx,1,4.964,8.57,134,40,0.299,2.082,0.941,28.6716,5.284,10.67,7.977
ENCODER WORKED,Brundage 96,SW416,perpindicular_Aug23postBigRain_stndrdHeight575_30inTo60in,RAW_SW416_perpindicular_Aug23postBigRain_stndrdHeight575_30inTo60in.xlsx,1,4.964,8.57,134,40,0.299,3.668,1.709,48.6604,9.307,18.796,14.052
ENCODER WORKED,Brundage 96,SW416,perpindicular_Aug23postBigRain_stndrdHeight575_60inTo90in,RAW_SW416_perpindicular_Aug23postBigRain_stndrdHeight575_60inTo90in.xlsx,1,4.964,8.57,134,40,0.299,3.463,1.457,40.843,8.789,17.748,13.268
ENCODER WORKED,Brundage 96,SW416,perpindicular_Aug23postBigRain_stndrdHeight575_90inTo120in,RAW_SW416_perpindicular_Aug23postBigRain_stndrdHeight575_90inTo120in.xlsx,1,4.964,8.57,134,40,0.299,3.856,1.623,49.4432,9.786,19.762,14.774
ENCODER WORKED,LCS Artdeco,SW126,perpindicular_Aug23postBigRain_stndrdHeight575_0inTo30in,RAW_SW126_perpindicular_Aug23postBigRain_stndrdHeight575_0inTo30in.xlsx,1,4.964,7.67,118.5,40,0.338,3.783,1.864,56.4321,11.67,17.741,14.705
ENCODER WORKED,LCS Artdeco,SW126,perpindicular_Aug23postBigRain_stndrdHeight575_120inTo150in,RAW_SW126_perpindicular_Aug23postBigRain_stndrdHeight575_120inTo150in.xlsx,1,4.964,7.67,118.5,40,0.338,6.29,3.437,106.5416,19.403,29.496,24.45
ENCODER WORKED,LCS Artdeco,SW126,perpindicular_Aug23postBigRain_stndrdHeight575_150inTo180in,RAW_SW126_perpindicular_Aug23postBigRain_stndrdHeight575_150inTo180in.xlsx,1,4.964,7.67,118.5,40,0.338,8.48,4.162,132.3862,26.159,39.766,32.962
ENCODER WORKED,LCS Artdeco,SW126,perpindicular_Aug23postBigRain_stndrdHeight575_30inTo60in,RAW_SW126_perpindicular_Aug23postBigRain_stndrdHeight575_30inTo60in.xlsx,1,4.964,7.67,118.5,40,0.338,2.724,1.33,39.9247,8.402,12.772,10.587
ENCODER WORKED,LCS Artdeco,SW126,perpindicular_Aug23postBigRain_stndrdHeight575_60inTo90in,RAW_SW126_perpindicular_Aug23postBigRain_stndrdHeight575_60inTo90in.xlsx,1,4.964,7.67,118.5,40,0.338,4.421,2.075,61.9115,13.637,20.73,17.184
ENCODER WORKED,LCS Artdeco,SW126,perpindicular_Aug23postBigRain_stndrdHeight575_90inTo120in,RAW_SW126_perpindicular_Aug23postBigRain_stndrdHeight575_90inTo120in.xlsx,1,4.964,7.67,118.5,40,0.338,4.391,2.075,61.9115,13.545,20.591,17.068
ENCODER WORKED,LCS Artdeco,SW203,perpindicular_Aug23postBigRain_stndrdHeight575_0inTo30in,RAW_SW203_perpindicular_Aug23postBigRain_stndrdHeight575_0inTo30in.xlsx,1,4.964,8.01,103.5,40,0.386,4.748,2.722,86.3064,15.885,27.439,21.662
ENCODER WORKED,LCS Artdeco,SW203,perpindicular_Aug23postBigRain_stndrdHeight575_120inTo150in,RAW_SW203_perpindicular_Aug23postBigRain_stndrdHeight575_120inTo150in.xlsx,1,4.964,8.01,103.5,40,0.386,5.178,2.755,91.6178,17.324,29.924,23.624
ENCODER WORKED,LCS Artdeco,SW203,perpindicular_Aug23postBigRain_stndrdHeight575_30inTo60in,RAW_SW203_perpindicular_Aug23postBigRain_stndrdHeight575_30inTo60in.xlsx,1,4.964,8.01,103.5,40,0.386,4.412,2.331,74.3703,14.761,25.496,20.129
ENCODER WORKED,LCS Artdeco,SW203,perpindicular_Aug23postBigRain_stndrdHeight575_60inTo90in,RAW_SW203_perpindicular_Aug23postBigRain_stndrdHeight575_60inTo90in.xlsx,1,4.964,8.01,103.5,40,0.386,2.48,1.271,39.8638,8.296,14.33,11.313
ENCODER WORKED,LCS Artdeco,SW203,perpindicular_Aug23postBigRain_stndrdHeight575_90inTo120in,RAW_SW203_perpindicular_Aug23postBigRain_stndrdHeight575_90inTo120in.xlsx,1,4.964,8.01,103.5,40,0.386,4.019,1.91,64.0292,13.446,23.226,18.336
ENCODER WORKED,Nixon,SW116,perpindicular_Aug23postBigRain_stndrdHeight575_0inTo30in,RAW_SW116_perpindicular_Aug23postBigRain_stndrdHeight575_0inTo30in.xlsx,1,4.964,8.54,134,40,0.299,3.393,1.921,59.5656,8.624,17.318,12.971
ENCODER WORKED,Nixon,SW116,perpindicular_Aug23postBigRain_stndrdHeight575_30inTo60in,RAW_SW116_perpindicular_Aug23postBigRain_stndrdHeight575_30inTo60in.xlsx,1,4.964,8.54,134,40,0.299,3.831,2.022,66.3164,9.738,19.555,14.646
ENCODER WORKED,Nixon,SW116,perpindicular_Aug23postBigRain_stndrdHeight575_60inTo90in,RAW_SW116_perpindicular_Aug23postBigRain_stndrdHeight575_60inTo90in.xlsx,1,4.964,8.54,134,40,0.299,3.721,2.008,63.1481,9.46,18.996,14.228
ENCODER WORKED,Nixon,SW116,perpindicular_Aug23postBigRain_stndrdHeight575_90inTo120in,RAW_SW116_perpindicular_Aug23postBigRain_stndrdHeight575_90inTo120in.xlsx,1,4.964,8.54,134,40,0.299,2.61,1.27,39.016,6.634,13.321,9.977
ENCODER WORKED,Nixon,SW204,perpindicular_Aug23postBigRain_stndrdHeight575_0inTo30in,RAW_SW204_perpindicular_Aug23postBigRain_stndrdHeight575_0inTo30in.xlsx,1,4.964,9.29,37.5,40,1.067,1.769,1.023,34.4858,12.802,51.507,32.154
ENCODER WORKED,Nixon,SW204,perpindicular_Aug23postBigRain_stndrdHeight575_120inTo150in,RAW_SW204_perpindicular_Aug23postBigRain_stndrdHeight575_120inTo150in.xlsx,1,4.964,9.29,37.5,40,1.067,1.026,0.555,19.7125,7.424,29.868,18.646
ENCODER WORKED,Nixon,SW204,perpindicular_Aug23postBigRain_stndrdHeight575_150inTo180in,RAW_SW204_perpindicular_Aug23postBigRain_stndrdHeight575_150inTo180in.xlsx,1,4.964,9.29,37.5,40,1.067,1.021,0.566,19.7191,7.392,29.739,18.565
ENCODER WORKED,Nixon,SW204,perpindicular_Aug23postBigRain_stndrdHeight575_30inTo60in,RAW_SW204_perpindicular_Aug23postBigRain_stndrdHeight575_30inTo60in.xlsx,1,4.964,9.29,37.5,40,1.067,0.857,0.438,14.458,6.2,24.946,15.573
ENCODER WORKED,Nixon,SW204,perpindicular_Aug23postBigRain_stndrdHeight575_60inTo90in,RAW_SW204_perpindicular_Aug23postBigRain_stndrdHeight575_60inTo90in.xlsx,1,4.964,9.29,37.5,40,1.067,1.111,0.64,20.8243,8.037,32.334,20.185
ENCODER WORKED,Nixon,SW204,perpindicular_Aug23postBigRain_stndrdHeight575_90inTo120in,RAW_SW204_perpindicular_Aug23postBigRain_stndrdHeight575_90inTo120in.xlsx,1,4.964,9.29,37.5,40,1.067,0.562,0.314,10.1791,4.066,16.359,10.212
ENCODER WORKED,Nixon,SW427,perpindicular_Aug23postBigRain_stndrdHeight575_110inTo140in,RAW_SW427_perpindicular_Aug23postBigRain_stndrdHeight575_110inTo140in.xlsx,1,4.964,8.71,125,40,0.32,3.18,1.477,44.0525,8.477,18.403,13.44
ENCODER WORKED,Nixon,SW427,perpindicular_Aug23postBigRain_stndrdHeight575_20inTo50in,RAW_SW427_perpindicular_Aug23postBigRain_stndrdHeight575_20inTo50in.xlsx,1,4.964,8.71,125,40,0.32,2.86,1.565,51.341,7.624,16.553,12.088
ENCODER WORKED,Nixon,SW427,perpindicular_Aug23postBigRain_stndrdHeight575_70inTo100in,RAW_SW427_perpindicular_Aug23postBigRain_stndrdHeight575_70inTo100in.xlsx,1,4.964,8.71,125,40,0.32,2.495,1.299,39.9135,6.651,14.439,10.545
ENCODER WORKED,Purl,SW104,perpindicular_Aug23postBigRain_stndrdHeight575_0inTo30in,RAW_SW104_perpindicular_Aug23postBigRain_stndrdHeight575_0inTo30in.xlsx,1,4.964,8.83,137.5,40,0.291,4.213,2.358,82.8601,10.254,23.136,16.695
ENCODER WORKED,Purl,SW104,perpindicular_Aug23postBigRain_stndrdHeight575_120inTo150in,RAW_SW104_perpindicular_Aug23postBigRain_stndrdHeight575_120inTo150in.xlsx,1,4.964,8.83,137.5,40,0.291,4.36,2.468,75.6344,10.611,23.941,17.276
ENCODER WORKED,Purl,SW104,perpindicular_Aug23postBigRain_stndrdHeight575_150inTo10in,RAW_SW104_perpindicular_Aug23postBigRain_stndrdHeight575_150inTo10in.xlsx,1,4.964,8.83,137.5,40,0.291,3.183,1.937,64.7585,7.746,17.477,12.612
ENCODER WORKED,Purl,SW104,perpindicular_Aug23postBigRain_stndrdHeight575_30inTo60in,RAW_SW104_perpindicular_Aug23postBigRain_stndrdHeight575_30inTo60in.xlsx,1,4.964,8.83,137.5,40,0.291,5.125,3.062,99.0715,12.474,28.145,20.31
ENCODER WORKED,Purl,SW104,perpindicular_Aug23postBigRain_stndrdHeight575_60inTo90in,RAW_SW104_perpindicular_Aug23postBigRain_stndrdHeight575_60inTo90in.xlsx,1,4.964,8.83,137.5,40,0.291,3.503,2.051,64.507,8.527,19.239,13.883
ENCODER WORKED,Purl,SW104,perpindicular_Aug23postBigRain_stndrdHeight575_90inTo120in,RAW_SW104_perpindicular_Aug23postBigRain_stndrdHeight575_90inTo120in.xlsx,1,4.964,8.83,137.5,40,0.291,3.848,1.823,57.5081,9.367,21.134,15.25
ENCODER WORKED,Purl,SW226,perpindicular_Aug23postBigRain_stndrdHeight575_0inTo30in,RAW_SW226_perpindicular_Aug23postBigRain_stndrdHeight575_0inTo30in.xlsx,1,4.964,7.67,98,40,0.408,4.028,1.991,66.3947,14.732,22.818,18.775
ENCODER WORKED,Purl,SW226,perpindicular_Aug23postBigRain_stndrdHeight575_120inTo150in,RAW_SW226_perpindicular_Aug23postBigRain_stndrdHeight575_120inTo150in.xlsx,1,4.964,7.67,98,40,0.408,3.957,2.394,73.7976,14.473,22.416,18.444
ENCODER WORKED,Purl,SW226,perpindicular_Aug23postBigRain_stndrdHeight575_150inTo180in,RAW_SW226_perpindicular_Aug23postBigRain_stndrdHeight575_150inTo180in.xlsx,1,4.964,7.67,98,40,0.408,5.379,2.787,83.6512,19.672,30.468,25.07
ENCODER WORKED,Purl,SW226,perpindicular_Aug23postBigRain_stndrdHeight575_30inTo60in,RAW_SW226_perpindicular_Aug23postBigRain_stndrdHeight575_30inTo60in.xlsx,1,4.964,7.67,98,40,0.408,3.808,1.732,55.2463,13.926,21.569,17.747
ENCODER WORKED,Purl,SW226,perpindicular_Aug23postBigRain_stndrdHeight575_60inTo90in,RAW_SW226_perpindicular_Aug23postBigRain_stndrdHeight575_60inTo90in.xlsx,1,4.964,7.67,98,40,0.408,3.4,1.348,41.0626,12.433,19.256,15.845
ENCODER WORKED,Purl,SW226,perpindicular_Aug23postBigRain_stndrdHeight575_90inTo120in,RAW_SW226_perpindicular_Aug23postBigRain_stndrdHeight575_90inTo120in.xlsx,1,4.964,7.67,98,40,0.408,4.113,1.972,71.9749,15.043,23.299,19.171
ENCODER WORKED,Purl,SW334,perpindicular_Aug23postBigRain_stndrdHeight575_0inTo30in,RAW_SW334_perpindicular_Aug23postBigRain_stndrdHeight575_0inTo30in.xlsx,1,4.964,8.67,104,40,0.385,1.632,0.565,16.2862,5.103,11.338,8.22
ENCODER WORKED,Purl,SW334,perpindicular_Aug23postBigRain_stndrdHeight575_150inTo180in,RAW_SW334_perpindicular_Aug23postBigRain_stndrdHeight575_150inTo180in.xlsx,1,4.964,8.67,104,40,0.385,4.472,2.456,83.2139,13.983,31.069,22.526
ENCODER WORKED,Purl,SW334,perpindicular_Aug23postBigRain_stndrdHeight575_30inTo60in,RAW_SW334_perpindicular_Aug23postBigRain_stndrdHeight575_30inTo60in.xlsx,1,4.964,8.67,104,40,0.385,1.831,0.87,27.0465,5.725,12.719,9.222
ENCODER WORKED,Purl,SW334,perpindicular_Aug23postBigRain_stndrdHeight575_60inTo90in,RAW_SW334_perpindicular_Aug23postBigRain_stndrdHeight575_60inTo90in.xlsx,1,4.964,8.67,104,40,0.385,3.837,2.237,71.3538,11.997,26.655,19.326
ENCODER WORKED,Purl,SW334,perpindicular_Aug23postBigRain_stndrdHeight575_90inTo120in,RAW_SW334_perpindicular_Aug23postBigRain_stndrdHeight575_90inTo120in.xlsx,1,4.964,8.67,104,40,0.385,2.88,1.325,41.4409,9.003,20.004,14.504
ENCODER WORKED,Purl,SW429,perpindicular_Aug23postBigRain_stndrdHeight575_110inTo140in,RAW_SW429_perpindicular_Aug23postBigRain_stndrdHeight575_110inTo140in.xlsx,1,4.964,8.58,72,40,0.556,3.923,2.518,87.5825,16.982,38.98,27.981
ENCODER WORKED,Purl,SW429,perpindicular_Aug23postBigRain_stndrdHeight575_140inTo170in,RAW_SW429_perpindicular_Aug23postBigRain_stndrdHeight575_140inTo170in.xlsx,1,4.964,8.58,72,40,0.556,4.871,3.03,103.7871,21.083,48.394,34.739
ENCODER WORKED,Purl,SW429,perpindicular_Aug23postBigRain_stndrdHeight575_20inTo50in,RAW_SW429_perpindicular_Aug23postBigRain_stndrdHeight575_20inTo50in.xlsx,1,4.964,8.58,72,40,0.556,7.541,4.778,145.5245,32.641,74.925,53.783
ENCODER WORKED,Purl,SW429,perpindicular_Aug23postBigRain_stndrdHeight575_50inTo80in,RAW_SW429_perpindicular_Aug23postBigRain_stndrdHeight575_50inTo80in.xlsx,1,4.964,8.58,72,40,0.556,3.778,2.119,65.6941,16.352,37.533,26.943
ENCODER WORKED,Purl,SW429,perpindicular_Aug23postBigRain_stndrdHeight575_80inTo110in,RAW_SW429_perpindicular_Aug23postBigRain_stndrdHeight575_80inTo110in.xlsx,1,4.964,8.58,72,40,0.556,5.045,2.905,96.5911,21.836,50.122,35.979
