Analysis description,Variety,Plot,Test description,Filename,Rows,Force bar bottom height (in.),Avg height (in),Avg stem count,Sample distance (in),Spacing (in),Avg force peak (lbs),"Avg force (lbs), =(Area under curve)/(xCut[1]-xCut[0])",Area under curve (lbs*in),EI-I (lbs*in^2),EI-N (lbs*in^2),EI-M (lbs*in^2),"xCut (in), Distance, analysis range_1","xCut (in), Distance, analysis range_2","tCut (sec), Time, analysis range_1","tCut (sec), Time, analysis range_2",x of force peak (in.)_1,x of force peak (in.)_2,x of force peak (in.)_3,Force peaks at x (lbs.)_1,Force peaks at x (lbs.)_2,Force peaks at x (lbs.)_3
ENCODER WORKED,Brundage 96,SW102,perpindicular_Aug23postBigRain_stndrdHeight575_0inTo30in,RAW_SW102_perpindicular_Aug23postBigRain_stndrdHeight575_0inTo30in.xlsx,1,4.964,6.75,99,40,0.404,2.403,1.133,34.8001,10.522,12.548,11.535,4.205447581,34.89451613,1.080712557,3.509846687,8.945,20.117,30.393,1.397588095,2.443417262,3.366976786
ENCODER WORKED,Brundage 96,SW102,perpindicular_Aug23postBigRain_stndrdHeight575_120inTo150in,RAW_SW102_perpindicular_Aug23postBigRain_stndrdHeight575_120inTo150in.xlsx,1,4.964,6.75,99,40,0.404,3.073,1.352,41.8994,13.457,16.049,14.753,0.214366935,31.21817742,0.575544357,3.605569363,6.315,16.377,26.935,2.399266071,3.503732143,3.315696429
ENCODER WORKED,Brundage 96,SW102,perpindicular_Aug23postBigRain_stndrdHeight575_150inTo180in,RAW_SW102_perpindicular_Aug23postBigRain_stndrdHeight575_150inTo180in.xlsx,1,4.964,6.75,99,40,0.404,5.661,3.093,105.3326,24.79,29.564,27.177,0.410322581,34.44059677,0.616714001,3.754835844,7.457,17.522,28.028,6.405626786,5.049567857,5.527023214
ENCODER WORKED,Brundage 96,SW102,perpindicular_Aug23postBigRain_stndrdHeight575_30inTo60in,RAW_SW102_perpindicular_Aug23postBigRain_stndrdHeight575_30inTo60in.xlsx,1,4.964,6.75,99,40,0.404,2.204,1.097,34.1945,9.65,11.509,10.58,1.259497984,32.36672177,0.718440056,3.847525597,7.337,18.331,27.423,3.592594643,1.65382619,1.364620833
ENCODER WORKED,Brundage 96,SW102,perpindicular_Aug23postBigRain_stndrdHeight575_60inTo90in,RAW_SW102_perpindicular_Aug23postBigRain_stndrdHeight575_60inTo90in.xlsx,1,4.964,6.75,99,40,0.404,1.068,0.453,13.9664,4.677,5.578,5.127,2.082762097,33.02358871,0.836560011,3.211626053,6.596,16.367,27.207,1.089711905,0.284521429,1.829616667
ENCODER WORKED,Brundage 96,SW102,perpindicular_Aug23postBigRain_stndrdHeight575_90inTo120in,RAW_SW102_perpindicular_Aug23postBigRain_stndrdHeight575_90inTo120in.xlsx,1,4.964,6.75,99,40,0.404,3.463,1.346,40.3978,15.164,18.085,16.624,1.129395161,31.09652218,0.65421772,4.438796043,5.544,17.082,26.456,2.924021429,2.460128571,5.004057143
ENCODER WORKED,Brundage 96,SW316,perpindicular_Aug23postBigRain_stndrdHeight575_0inTo30in,RAW_SW316_perpindicular_Aug23postBigRain_stndrdHeight575_0inTo30in.xlsx,1,4.964,8.17,112.5,40,0.356,3.619,2.068,71.191,11.071,19.848,15.459,3.000141129,37.479375,1.25293231,4.632476807,9.323,21.213,30.42,3.6014,2.342508333,4.912841667
ENCODER WORKED,Brundage 96,SW316,perpindicular_Aug23postBigRain_stndrdHeight575_120inTo150in,RAW_SW316_perpindicular_Aug23postBigRain_stndrdHeight575_120inTo150in.xlsx,1,4.964,8.17,112.5,40,0.356,4.283,2.439,80.8929,13.101,23.488,18.294,0.438826613,33.53889113,0.677420378,4.588180304,7.581,18.066,27.512,4.41585,3.896233333,4.535629167
ENCODER WORKED,Brundage 96,SW316,perpindicular_Aug23postBigRain_stndrdHeight575_150inTo180in,RAW_SW316_perpindicular_Aug23postBigRain_stndrdHeight575_150inTo180in.xlsx,1,4.964,8.17,112.5,40,0.356,2.652,1.556,51.8797,8.113,14.544,11.329,1.247556452,34.53539718,0.800090551,3.335607529,9.399,19.232,29.413,3.354190476,2.270738095,2.330916667
ENCODER WORKED,Brundage 96,SW316,perpindicular_Aug23postBigRain_stndrdHeight575_30inTo60in,RAW_SW316_perpindicular_Aug23postBigRain_stndrdHeight575_30inTo60in.xlsx,1,4.964,8.17,112.5,40,0.356,3.433,1.927,60.424,10.503,18.829,14.666,1.314314516,32.68427419,0.819833755,4.107680559,8.056,15.778,28.812,5.598926786,1.1667125,3.533917857
ENCODER WORKED,Brundage 96,SW316,perpindicular_Aug23postBigRain_stndrdHeight575_60inTo90in,RAW_SW316_perpindicular_Aug23postBigRain_stndrdHeight575_60inTo90in.xlsx,1,4.964,8.17,112.5,40,0.356,6.374,3.045,96.0434,19.5,34.958,27.229,2.809854839,34.25424194,1.106593847,5.578953981,8.44,18.508,28.992,7.597097619,4.611828571,6.913185714
ENCODER WORKED,Brundage 96,SW316,perpindicular_Aug23postBigRain_stndrdHeight575_90inTo120in,RAW_SW316_perpindicular_Aug23postBigRain_stndrdHeight575_90inTo120in.xlsx,1,4.964,8.17,112.5,40,0.356,1.465,0.695,22.8604,4.483,8.037,6.26,1.815548387,34.85174194,0.866022587,4.134808064,6.637,16.474,28.641,1.825067262,0.292605952,2.278620833
ENCODER WORKED,Brundage 96,SW332,perpindicular_Aug23postBigRain_stndrdHeight350_0inTo30in,RAW_SW332_perpindicular_Aug23postBigRain_stndrdHeight350_0inTo30in.xlsx,1,2.714,5.33,76,40,0.526,3.368,1.525,46.7214,6.333,32.659,19.496,2.194116935,32.77850806,1.050524473,3.709346056,7.008,18.24,28.414,3.716332143,3.750028571,2.638046429
ENCODER WORKED,Brundage 96,SW332,perpindicular_Aug23postBigRain_stndrdHeight350_120inTo150in,RAW_SW332_perpindicular_Aug23postBigRain_stndrdHeight350_120inTo150in.xlsx,1,2.714,5.33,76,40,0.526,2.205,0.917,26.4294,4.147,21.385,12.766,4.52997379,33.39415121,1.021751881,4.139178038,9.095,18.212,29.355,1.49395,2.331659524,2.790647619
ENCODER WORKED,Brundage 96,SW332,perpindicular_Aug23postBigRain_stndrdHeight350_150inTo180in,RAW_SW332_perpindicular_Aug23postBigRain_stndrdHeight350_150inTo180in.xlsx,1,2.714,5.33,76,40,0.526,3.438,1.788,55.5855,6.464,33.332,19.898,2.548010081,33.46561694,0.881159067,4.182268858,7.374,18.213,28.314,3.167410714,3.260029762,3.885208333
ENCODER WORKED,Brundage 96,SW332,perpindicular_Aug23postBigRain_stndrdHeight350_30inTo60in,RAW_SW332_perpindicular_Aug23postBigRain_stndrdHeight350_30inTo60in.xlsx,1,2.714,5.33,76,40,0.526,2.868,1.412,45.4378,5.394,27.813,16.604,0.413931452,32.4725,0.832854748,4.519935369,6.914,16.271,26.976,2.879428571,3.662330357,2.063446429
ENCODER WORKED,Brundage 96,SW332,perpindicular_Aug23postBigRain_stndrdHeight350_60inTo90in,RAW_SW332_perpindicular_Aug23postBigRain_stndrdHeight350_60inTo90in.xlsx,1,2.714,5.33,76,40,0.526,1.52,0.713,21.5875,2.858,14.736,8.797,0.038518145,30.29066935,0.668035269,3.601223946,5.453,14.609,26.115,1.091770833,1.461220238,2.006309524
ENCODER WORKED,Brundage 96,SW332,perpindicular_Aug23postBigRain_stndrdHeight350_90inTo120in,RAW_SW332_perpindicular_Aug23postBigRain_stndrdHeight350_90inTo120in.xlsx,1,2.714,5.33,76,40,0.526,1.893,0.86,26.0274,3.56,18.356,10.958,0.343592742,30.57975403,0.677901268,4.539625168,4.717,12.945,26.416,2.732096429,0.599042857,2.347983333
ENCODER WORKED,Brundage 96,SW416,perpindicular_Aug23postBigRain_stndrdHeight575_0inTo30in,RAW_SW416_perpindicular_Aug23postBigRain_stndrdHeight575_0inTo30in.xlsx,1,4.964,8.57,134,40,0.299,3.823,1.732,55.8766,9.702,19.592,14.647,1.852314516,34.05590121,0.856325626,3.563174248,7.472,18.986,29.398,3.701308333,2.417082143,5.351204167
ENCODER WORKED,Brundage 96,SW416,perpindicular_Aug23postBigRain_stndrdHeight575_120inTo150in,RAW_SW416_perpindicular_Aug23postBigRain_stndrdHeight575_120inTo150in.xlsx,1,4.964,8.57,134,40,0.299,2.482,1.195,37.6939,6.299,12.72,9.509,0.042237903,31.54326613,0.500883102,2.81459713,4.694,15.892,25.419,1.938935714,2.137810714,3.370007143
ENCODER WORKED,Brundage 96,SW416,perpindicular_Aug23postBigRain_stndrdHeight575_150inTo180in,RAW_SW416_perpindicular_Aug23postBigRain_stndrdHeight575_150inTo180in.xlsx,1,4.964,8.57,134,40,0.299,2.082,0.941,28.6716,5.284,10.67,7.977,0.389925403,30.76431855,0.598439932,2.880086184,5.604,15.849,25.367,1.129059524,1.814823214,3.302704167
ENCODER WORKED,Brundage 96,SW416,perpindicular_Aug23postBigRain_stndrdHeight575_30inTo60in,RAW_SW416_perpindicular_Aug23postBigRain_stndrdHeight575_30inTo60in.xlsx,1,4.964,8.57,134,40,0.299,3.668,1.709,48.6604,9.307,18.796,14.052,0.314802419,28.83755847,0.749654531,3.814345598,4.558,14.852,25.378,4.3352,3.1002,3.5682
ENCODER WORKED,Brundage 96,SW416,perpindicular_Aug23postBigRain_stndrdHeight575_60inTo90in,RAW_SW416_perpindicular_Aug23postBigRain_stndrdHeight575_60inTo90in.xlsx,1,4.964,8.57,134,40,0.299,3.463,1.457,40.843,8.789,17.748,13.268,0.380145161,28.45658065,0.601411581,3.083117247,4.714,15.142,25.799,3.040990476,2.437066667,4.9122125
ENCODER WORKED,Brundage 96,SW416,perpindicular_Aug23postBigRain_stndrdHeight575_90inTo120in,RAW_SW416_perpindicular_Aug23postBigRain_stndrdHeight575_90inTo120in.xlsx,1,4.964,8.57,134,40,0.299,3.856,1.623,49.4432,9.786,19.762,14.774,0.904697581,31.36547177,0.825143099,4.040130615,7.376,18.69,27.48,2.976207143,1.416533333,7.176533333
ENCODER WORKED,LCS Artdeco,SW126,perpindicular_Aug23postBigRain_stndrdHeight575_0inTo30in,RAW_SW126_perpindicular_Aug23postBigRain_stndrdHeight575_0inTo30in.xlsx,1,4.964,7.67,118.5,40,0.338,3.783,1.864,56.4321,11.67,17.741,14.705,5.426237903,35.60695565,1.202688694,3.480918646,9.311,20.285,31.739,3.330958929,3.4002,4.618842857
ENCODER WORKED,LCS Artdeco,SW126,perpindicular_Aug23postBigRain_stndrdHeight575_120inTo150in,RAW_SW126_perpindicular_Aug23postBigRain_stndrdHeight575_120inTo150in.xlsx,1,4.964,7.67,118.5,40,0.338,6.29,3.437,106.5416,19.403,29.496,24.45,5.516383065,36.49162903,0.991957188,3.752333164,10.36,21.36,30.637,7.700057143,5.399485714,5.771295238
ENCODER WORKED,LCS Artdeco,SW126,perpindicular_Aug23postBigRain_stndrdHeight575_150inTo180in,RAW_SW126_perpindicular_Aug23postBigRain_stndrdHeight575_150inTo180in.xlsx,1,4.964,7.67,118.5,40,0.338,8.48,4.162,132.3862,26.159,39.766,32.962,0.209957661,32.03020766,0.582447529,3.957867622,6.535,17.386,27.479,9.058628571,7.24245,9.13995
ENCODER WORKED,LCS Artdeco,SW126,perpindicular_Aug23postBigRain_stndrdHeight575_30inTo60in,RAW_SW126_perpindicular_Aug23postBigRain_stndrdHeight575_30inTo60in.xlsx,1,4.964,7.67,118.5,40,0.338,2.724,1.33,39.9247,8.402,12.772,10.587,-0.214685484,29.8106129,0.000177622,3.722867012,5.129,14.78,25.228,3.013871429,1.165404167,3.991770238
ENCODER WORKED,LCS Artdeco,SW126,perpindicular_Aug23postBigRain_stndrdHeight575_60inTo90in,RAW_SW126_perpindicular_Aug23postBigRain_stndrdHeight575_60inTo90in.xlsx,1,4.964,7.67,118.5,40,0.338,4.421,2.075,61.9115,13.637,20.73,17.184,2.993645161,32.8865,0.955197811,4.530108452,8.956,19.212,29.147,5.906117262,1.343735714,6.01295
ENCODER WORKED,LCS Artdeco,SW126,perpindicular_Aug23postBigRain_stndrdHeight575_90inTo120in,RAW_SW126_perpindicular_Aug23postBigRain_stndrdHeight575_90inTo120in.xlsx,1,4.964,7.67,118.5,40,0.338,4.391,2.075,61.9115,13.545,20.591,17.068,2.913717742,32.8865,0.955197811,4.530108452,8.826,19.208,29.188,5.941718452,1.27245,5.959485714
ENCODER WORKED,LCS Artdeco,SW203,perpindicular_Aug23postBigRain_stndrdHeight575_0inTo30in,RAW_SW203_perpindicular_Aug23postBigRain_stndrdHeight575_0inTo30in.xlsx,1,4.964,8.01,103.5,40,0.386,4.748,2.722,86.3064,15.885,27.439,21.662,4.175709677,35.90560887,1.306128025,4.856777191,10.478,21.051,31.624,4.378089286,6.585830952,3.281155064
ENCODER WORKED,LCS Artdeco,SW203,perpindicular_Aug23postBigRain_stndrdHeight575_120inTo150in,RAW_SW203_perpindicular_Aug23postBigRain_stndrdHeight575_120inTo150in.xlsx,1,4.964,8.01,103.5,40,0.386,5.178,2.755,91.6178,17.324,29.924,23.624,4.860483871,37.95806452,1.200780153,4.833623171,11.753,22.861,31.558,4.170066667,5.704670833,5.660527547
ENCODER WORKED,LCS Artdeco,SW203,perpindicular_Aug23postBigRain_stndrdHeight575_30inTo60in,RAW_SW203_perpindicular_Aug23postBigRain_stndrdHeight575_30inTo60in.xlsx,1,4.964,8.01,103.5,40,0.386,4.412,2.331,74.3703,14.761,25.496,20.129,2.49233871,34.31416331,0.881046057,4.312296629,8.324,18.876,29.429,3.886921429,4.575167262,4.774458929
ENCODER WORKED,LCS Artdeco,SW203,perpindicular_Aug23postBigRain_stndrdHeight575_60inTo90in,RAW_SW203_perpindicular_Aug23postBigRain_stndrdHeight575_60inTo90in.xlsx,1,4.964,8.01,103.5,40,0.386,2.48,1.271,39.8638,8.296,14.33,11.313,4.991643145,36.25461895,1.312915564,4.50650382,9.07,21.245,30.77,1.629348214,1.676177381,4.133915476
ENCODER WORKED,LCS Artdeco,SW203,perpindicular_Aug23postBigRain_stndrdHeight575_90inTo120in,RAW_SW203_perpindicular_Aug23postBigRain_stndrdHeight575_90inTo120in.xlsx,1,4.964,8.01,103.5,40,0.386,4.019,1.91,64.0292,13.446,23.226,18.336,2.339165323,35.84906855,0.895378828,4.151385307,9.373,20.622,29.69,3.330028571,3.674617857,5.052975
ENCODER WORKED,Nixon,SW116,perpindicular_Aug23postBigRain_stndrdHeight575_0inTo30in,RAW_SW116_perpindicular_Aug23postBigRain_stndrdHeight575_0inTo30in.xlsx,1,4.964,8.54,134,40,0.299,3.393,1.921,59.5656,8.624,17.318,12.971,3.326887097,34.31051613,1.156447172,3.920279026,10.016,19.316,29.686,3.6471625,3.64063721,2.890228839
ENCODER WORKED,Nixon,SW116,perpindicular_Aug23postBigRain_stndrdHeight575_30inTo60in,RAW_SW116_perpindicular_Aug23postBigRain_stndrdHeight575_30inTo60in.xlsx,1,4.964,8.54,134,40,0.299,3.831,2.022,66.3164,9.738,19.555,14.646,2.975826613,35.61220565,1.195833921,4.406981945,7.724,18.591,29.886,4.900633333,2.673028571,3.918683333
ENCODER WORKED,Nixon,SW116,perpindicular_Aug23postBigRain_stndrdHeight575_60inTo90in,RAW_SW116_perpindicular_Aug23postBigRain_stndrdHeight575_60inTo90in.xlsx,1,4.964,8.54,134,40,0.299,3.721,2.008,63.1481,9.46,18.996,14.228,2.854254032,34.25104839,0.930794001,3.748687029,7.096,18.387,28.516,4.210908333,2.975207257,3.977804479
ENCODER WORKED,Nixon,SW116,perpindicular_Aug23postBigRain_stndrdHeight575_90inTo120in,RAW_SW116_perpindicular_Aug23postBigRain_stndrdHeight575_90inTo120in.xlsx,1,4.964,8.54,134,40,0.299,2.61,1.27,39.016,6.634,13.321,9.977,5.315147177,36.1190504,1.169830561,3.696883202,10.985,21.247,30.277,2.525875,2.573889286,2.728942857
ENCODER WORKED,Nixon,SW204,perpindicular_Aug23postBigRain_stndrdHeight575_0inTo30in,RAW_SW204_perpindicular_Aug23postBigRain_stndrdHeight575_0inTo30in.xlsx,1,4.964,9.29,37.5,40,1.067,1.769,1.023,34.4858,12.802,51.507,32.154,38.32987097,72.17296774,1.49623847,3.74036622,43.763,54.841,66.271,0.651146429,2.176457143,2.479564286
ENCODER WORKED,Nixon,SW204,perpindicular_Aug23postBigRain_stndrdHeight575_120inTo150in,RAW_SW204_perpindicular_Aug23postBigRain_stndrdHeight575_120inTo150in.xlsx,1,4.964,9.29,37.5,40,1.067,1.026,0.555,19.7125,7.424,29.868,18.646,2.945433468,38.24667339,0.913302422,3.923908234,9.689,20.863,31.402,0.647072619,0.185840476,2.24467381
ENCODER WORKED,Nixon,SW204,perpindicular_Aug23postBigRain_stndrdHeight575_150inTo180in,RAW_SW204_perpindicular_Aug23postBigRain_stndrdHeight575_150inTo180in.xlsx,1,4.964,9.29,37.5,40,1.067,1.021,0.566,19.7191,7.392,29.739,18.565,4.106022177,38.92368347,1.066044331,3.956250429,9.56,21.046,31.545,0.627019048,0.205894048,2.231304762
ENCODER WORKED,Nixon,SW204,perpindicular_Aug23postBigRain_stndrdHeight575_30inTo60in,RAW_SW204_perpindicular_Aug23postBigRain_stndrdHeight575_30inTo60in.xlsx,1,4.964,9.29,37.5,40,1.067,0.857,0.438,14.458,6.2,24.946,15.573,3.242895161,36.18523387,1.189864635,4.438056231,9.586,19.21,30.639,0.7717,0.892610119,0.906077381
ENCODER WORKED,Nixon,SW204,perpindicular_Aug23postBigRain_stndrdHeight575_60inTo90in,RAW_SW204_perpindicular_Aug23postBigRain_stndrdHeight575_60inTo90in.xlsx,1,4.964,9.29,37.5,40,1.067,1.111,0.64,20.8243,8.037,32.334,20.185,4.789112903,37.34645161,1.145787239,4.872142076,10.818,22.198,30.583,0.895114286,0.591304762,1.845209524
ENCODER WORKED,Nixon,SW204,perpindicular_Aug23postBigRain_stndrdHeight575_90inTo120in,RAW_SW204_perpindicular_Aug23postBigRain_stndrdHeight575_90inTo120in.xlsx,1,4.964,9.29,37.5,40,1.067,0.562,0.314,10.1791,4.066,16.359,10.212,5.277774194,37.66248387,1.234675884,4.622068167,12.113,22.972,34.171,0.073528571,0.993120833,0.618927091
ENCODER WORKED,Nixon,SW427,perpindicular_Aug23postBigRain_stndrdHeight575_110inTo140in,RAW_SW427_perpindicular_Aug23postBigRain_stndrdHeight575_110inTo140in.xlsx,1,4.964,8.71,125,40,0.32,3.18,1.477,44.0525,8.477,18.403,13.44,0.952366935,30.80075605,0.871404409,4.229893208,7.741,18.933,26.767,3.602082143,1.849653571,4.088867857
ENCODER WORKED,Nixon,SW427,perpindicular_Aug23postBigRain_stndrdHeight575_20inTo50in,RAW_SW427_perpindicular_Aug23postBigRain_stndrdHeight575_20inTo50in.xlsx,1,4.964,8.71,125,40,0.32,2.86,1.565,51.341,7.624,16.553,12.088,0.329366935,33.1585121,0.82729578,4.504712105,7.76,17.921,28.942,2.302405952,3.256977381,3.022032541
ENCODER WORKED,Nixon,SW427,perpindicular_Aug23postBigRain_stndrdHeight575_70inTo100in,RAW_SW427_perpindicular_Aug23postBigRain_stndrdHeight575_70inTo100in.xlsx,1,4.964,8.71,125,40,0.32,2.495,1.299,39.9135,6.651,14.439,10.545,0.034969758,30.73142339,0.751971245,4.627627134,4.381,17.269,27.058,2.443014286,2.792005357,2.250919048
ENCODER WORKED,Purl,SW104,perpindicular_Aug23postBigRain_stndrdHeight575_0inTo30in,RAW_SW104_perpindicular_Aug23postBigRain_stndrdHeight575_0inTo30in.xlsx,1,4.964,8.83,137.5,40,0.291,4.213,2.358,82.8601,10.254,23.136,16.695,0.700141129,35.7328125,0.826905012,4.222869396,8.901,19.916,30.208,5.589261905,3.382971429,3.667114286
ENCODER WORKED,Purl,SW104,perpindicular_Aug23postBigRain_stndrdHeight575_120inTo150in,RAW_SW104_perpindicular_Aug23postBigRain_stndrdHeight575_120inTo150in.xlsx,1,4.964,8.83,137.5,40,0.291,4.36,2.468,75.6344,10.611,23.941,17.276,0.195695565,30.89090726,0.500295639,4.080491304,4.663,15.046,24.53,3.998161905,5.349195833,3.731700903
ENCODER WORKED,Purl,SW104,perpindicular_Aug23postBigRain_stndrdHeight575_150inTo10in,RAW_SW104_perpindicular_Aug23postBigRain_stndrdHeight575_150inTo10in.xlsx,1,4.964,8.83,137.5,40,0.291,3.183,1.937,64.7585,7.746,17.477,12.612,0.223185484,33.50262097,0.617063522,3.844320536,5.6,16.107,25.398,2.958748214,2.413221429,4.175965476
ENCODER WORKED,Purl,SW104,perpindicular_Aug23postBigRain_stndrdHeight575_30inTo60in,RAW_SW104_perpindicular_Aug23postBigRain_stndrdHeight575_30inTo60in.xlsx,1,4.964,8.83,137.5,40,0.291,5.125,3.062,99.0715,12.474,28.145,20.31,0.423711694,32.76415524,0.700448513,4.239049196,6.163,17.045,25.547,7.467820833,1.898071128,6.009817718
ENCODER WORKED,Purl,SW104,perpindicular_Aug23postBigRain_stndrdHeight575_60inTo90in,RAW_SW104_perpindicular_Aug23postBigRain_stndrdHeight575_60inTo90in.xlsx,1,4.964,8.83,137.5,40,0.291,3.503,2.051,64.507,8.527,19.239,13.883,-0.043814516,31.44421774,0.005265236,5.138855696,3.653,15.552,25.786,5.485441667,1.671753651,3.353302733
ENCODER WORKED,Purl,SW104,perpindicular_Aug23postBigRain_stndrdHeight575_90inTo120in,RAW_SW104_perpindicular_Aug23postBigRain_stndrdHeight575_90inTo120in.xlsx,1,4.964,8.83,137.5,40,0.291,3.848,1.823,57.5081,9.367,21.134,15.25,0.341814516,31.80270161,0.582324028,3.572274685,5.715,16.402,26.84,4.586428571,2.749127126,4.209686224
ENCODER WORKED,Purl,SW226,perpindicular_Aug23postBigRain_stndrdHeight575_0inTo30in,RAW_SW226_perpindicular_Aug23postBigRain_stndrdHeight575_0inTo30in.xlsx,1,4.964,7.67,98,40,0.408,4.028,1.991,66.3947,14.732,22.818,18.775,1.036959677,34.26081855,0.850982428,4.193156242,6.934,18.136,28.904,4.60702381,3.821680357,3.656358929
ENCODER WORKED,Purl,SW226,perpindicular_Aug23postBigRain_stndrdHeight575_120inTo150in,RAW_SW226_perpindicular_Aug23postBigRain_stndrdHeight575_120inTo150in.xlsx,1,4.964,7.67,98,40,0.408,3.957,2.394,73.7976,14.473,22.416,18.444,0.7501875,31.45140927,0.791452408,4.113342285,6.243,16.603,27.125,3.294475,3.987670238,4.589789286
ENCODER WORKED,Purl,SW226,perpindicular_Aug23postBigRain_stndrdHeight575_150inTo180in,RAW_SW226_perpindicular_Aug23postBigRain_stndrdHeight575_150inTo180in.xlsx,1,4.964,7.67,98,40,0.408,5.379,2.787,83.6512,19.672,30.468,25.07,0.655504032,30.64081653,0.752976656,4.103844404,6.526,16.782,25.195,5.156273214,5.3992,5.581158333
ENCODER WORKED,Purl,SW226,perpindicular_Aug23postBigRain_stndrdHeight575_30inTo60in,RAW_SW226_perpindicular_Aug23postBigRain_stndrdHeight575_30inTo60in.xlsx,1,4.964,7.67,98,40,0.408,3.808,1.732,55.2463,13.926,21.569,17.747,1.169677419,32.90112903,0.719436884,4.471143961,7.225,17.359,28.079,4.540166667,2.370479167,4.512875
ENCODER WORKED,Purl,SW226,perpindicular_Aug23postBigRain_stndrdHeight575_60inTo90in,RAW_SW226_perpindicular_Aug23postBigRain_stndrdHeight575_60inTo90in.xlsx,1,4.964,7.67,98,40,0.408,3.4,1.348,41.0626,12.433,19.256,15.845,0.797403226,31.07572379,0.568891287,3.923065662,5.146,16.655,26.555,3.026247619,1.7802,5.3922
ENCODER WORKED,Purl,SW226,perpindicular_Aug23postBigRain_stndrdHeight575_90inTo120in,RAW_SW226_perpindicular_Aug23postBigRain_stndrdHeight575_90inTo120in.xlsx,1,4.964,7.67,98,40,0.408,4.113,1.972,71.9749,15.043,23.299,19.171,2.233350806,38.67266935,1.271725416,5.498988628,8.363,20.597,29.749,4.084825,2.529321429,5.725526786
ENCODER WORKED,Purl,SW334,perpindicular_Aug23postBigRain_stndrdHeight575_0inTo30in,RAW_SW334_perpindicular_Aug23postBigRain_stndrdHeight575_0inTo30in.xlsx,1,4.964,8.67,104,40,0.385,1.632,0.565,16.2862,5.103,11.338,8.22,2.0528125,30.9278125,6.39667654,7.732220173,6.847,16.792,27.676,1.728917262,1.816679167,1.350704591
ENCODER WORKED,Purl,SW334,perpindicular_Aug23postBigRain_stndrdHeight575_150inTo180in,RAW_SW334_perpindicular_Aug23postBigRain_stndrdHeight575_150inTo180in.xlsx,1,4.964,8.67,104,40,0.385,4.472,2.456,83.2139,13.983,31.069,22.526,40.51186694,74.26332661,0.515815973,4.042926788,48.097,57.135,67.751,3.367438095,5.039885714,5.009742857
ENCODER WORKED,Purl,SW334,perpindicular_Aug23postBigRain_stndrdHeight575_30inTo60in,RAW_SW334_perpindicular_Aug23postBigRain_stndrdHeight575_30inTo60in.xlsx,1,4.964,8.67,104,40,0.385,1.831,0.87,27.0465,5.725,12.719,9.222,2.127979839,33.15689516,0.796038389,3.569578886,7.694,17.159,28.845,1.72837619,1.002633929,2.761785714
ENCODER WORKED,Purl,SW334,perpindicular_Aug23postBigRain_stndrdHeight575_60inTo90in,RAW_SW334_perpindicular_Aug23postBigRain_stndrdHeight575_60inTo90in.xlsx,1,4.964,8.67,104,40,0.385,3.837,2.237,71.3538,11.997,26.655,19.326,1.188475806,33.07656653,0.805693865,4.376329184,7.783,17.288,27.886,4.105025,2.87824881,4.527522619
ENCODER WORKED,Purl,SW334,perpindicular_Aug23postBigRain_stndrdHeight575_90inTo120in,RAW_SW334_perpindicular_Aug23postBigRain_stndrdHeight575_90inTo120in.xlsx,1,4.964,8.67,104,40,0.385,2.88,1.325,41.4409,9.003,20.004,14.504,2.961806452,34.12516129,0.868720531,4.685493946,9.295,19.545,30.456,3.818785714,0.920425595,3.899636905
ENCODER WORKED,Purl,SW429,perpindicular_Aug23postBigRain_stndrdHeight575_110inTo140in,RAW_SW429_perpindicular_Aug23postBigRain_stndrdHeight575_110inTo140in.xlsx,1,4.964,8.58,72,40,0.556,3.923,2.518,87.5825,16.982,38.98,27.981,1.004858871,35.70307258,0.744415283,3.799777746,7.185,18.379,27.245,3.334809524,3.828551786,4.607051786
ENCODER WORKED,Purl,SW429,perpindicular_Aug23postBigRain_stndrdHeight575_140inTo170in,RAW_SW429_perpindicular_Aug23postBigRain_stndrdHeight575_140inTo170in.xlsx,1,4.964,8.58,72,40,0.556,4.871,3.03,103.7871,21.083,48.394,34.739,2.284252016,36.36307258,0.892925739,3.857981205,9.901,20.34,28.391,4.491060714,5.544592857,4.57758946
ENCODER WORKED,Purl,SW429,perpindicular_Aug23postBigRain_stndrdHeight575_20inTo50in,RAW_SW429_perpindicular_Aug23postBigRain_stndrdHeight575_20inTo50in.xlsx,1,4.964,8.58,72,40,0.556,7.541,4.778,145.5245,32.641,74.925,53.783,0.34728629,30.70741935,0.607019663,3.813771486,4.415,14.682,24.707,9.275664286,5.631057143,7.717664286
ENCODER WORKED,Purl,SW429,perpindicular_Aug23postBigRain_stndrdHeight575_50inTo80in,RAW_SW429_perpindicular_Aug23postBigRain_stndrdHeight575_50inTo80in.xlsx,1,4.964,8.58,72,40,0.556,3.778,2.119,65.6941,16.352,37.533,26.943,0.273354839,31.29193548,0.973827839,4.897179842,5.886,16.997,26.955,5.133539286,5.405429167,0.794726788
ENCODER WORKED,Purl,SW429,perpindicular_Aug23postBigRain_stndrdHeight575_80inTo110in,RAW_SW429_perpindicular_Aug23postBigRain_stndrdHeight575_80inTo110in.xlsx,1,4.964,8.58,72,40,0.556,5.045,2.905,96.5911,21.836,50.122,35.979,0.034129032,33.31622581,0.898105145,4.659977674,5.046,17.454,27.065,5.017230357,4.500471429,5.6173375
