Analysis description,Variety,Plot,Test description,Filename,Rows,Force bar bottom height (in.),Avg height (in),Avg stem count,Sample distance (in),Spacing (in),Avg force peak (lbs),"Avg force (lbs), =(Area under curve)/(xCut[1]-xCut[0])",Area under curve (lbs*in),EI-I (lbs*in^2),EI-N (lbs*in^2),EI-M (lbs*in^2),Avg EI-Is (lbs*in^2),Std. EI-Is (lbs*in^2),Avg EI-Ns (lbs*in^2),Std. EI-Ns (lbs*in^2),Avg EI-Ms (lbs*in^2),Std. EI-Ms (lbs*in^2),Horizontal point of vertical height measurement (in.),Stem heights at x (in.),"Assumed height (in.), hatPeaks",EI-Is (lbs*in^2),EI-Ns(lbs*in^2),EI-Ms (lbs*in^2),Force bar middle height (in.),Left Sample Stem Count,Right Sample Stem Count,Sample Count Start Point (in.)
ENCODER WORKED,Brundage 96,SW102,perpindicular_Aug23postBigRain_stndrdHeight575_0inTo30in,RAW_SW102_perpindicular_Aug23postBigRain_stndrdHeight575_0inTo30in.xlsx,1,4.964,6.75,99,40,0.404,2.383,0.864,35.2564,10.433,12.443,11.438,,,,,,,,,,,,,0,0,0,
ENCODER WORKED,Brundage 96,SW102,perpindicular_Aug23postBigRain_stndrdHeight575_120inTo150in,RAW_SW102_perpindicular_Aug23postBigRain_stndrdHeight575_120inTo150in.xlsx,1,4.964,6.75,99,40,0.404,3.058,1.068,42.0425,13.39,15.969,14.68,,,,,,,,,,,,,0,0,0,
ENCODER WORKED,Brundage 96,SW102,perpindicular_Aug23postBigRain_stndrdHeight575_150inTo180in,RAW_SW102_perpindicular_Aug23postBigRain_stndrdHeight575_150inTo180in.xlsx,1,4.964,6.75,99,40,0.404,5.676,2.552,105.3373,24.855,29.642,27.249,,,,,,,,,,,,,0,0,0,
ENCODER WORKED,Brundage 96,SW102,perpindicular_Aug23postBigRain_stndrdHeight575_30inTo60in,RAW_SW102_perpindicular_Aug23postBigRain_stndrdHeight575_30inTo60in.xlsx,1,4.964,6.75,99,40,0.404,2.174,0.871,34.2048,9.519,11.352,10.436,,,,,,,,,,,,,0,0,0,
ENCODER WORKED,Brundage 96,SW102,perpindicular_Aug23postBigRain_stndrdHeight575_60inTo90in,RAW_SW102_perpindicular_Aug23postBigRain_stndrdHeight575_60inTo90in.xlsx,1,4.964,6.75,99,40,0.404,1.069,0.395,14.009,4.681,5.582,5.131,,,,,,,,,,,,,0,0,0,
ENCODER WORKED,Brundage 96,SW102,perpindicular_Aug23postBigRain_stndrdHeight575_90inTo120in,RAW_SW102_perpindicular_Aug23postBigRain_stndrdHeight575_90inTo120in.xlsx,1,4.964,6.75,99,40,0.404,3.457,1.071,40.5247,15.14,18.056,16.598,,,,,,,,,,,,,0,0,0,
ENCODER WORKED,Brundage 96,SW316,perpindicular_Aug23postBigRain_stndrdHeight575_0inTo30in,RAW_SW316_perpindicular_Aug23postBigRain_stndrdHeight575_0inTo30in.xlsx,1,4.964,8.17,112.5,40,0.356,3.655,1.605,71.3123,11.181,20.044,15.612,,,,,,,,,,,,,0,0,0,
ENCODER WORKED,Brundage 96,SW316,perpindicular_Aug23postBigRain_stndrdHeight575_120inTo150in,RAW_SW316_perpindicular_Aug23postBigRain_stndrdHeight575_120inTo150in.xlsx,1,4.964,8.17,112.5,40,0.356,4.316,1.828,81.178,13.205,23.673,18.439,,,,,,,,,,,,,0,0,0,
ENCODER WORKED,Brundage 96,SW316,perpindicular_Aug23postBigRain_stndrdHeight575_150inTo180in,RAW_SW316_perpindicular_Aug23postBigRain_stndrdHeight575_150inTo180in.xlsx,1,4.964,8.17,112.5,40,0.356,2.654,1.24,51.8576,8.119,14.555,11.337,,,,,,,,,,,,,0,0,0,
ENCODER WORKED,Brundage 96,SW316,perpindicular_Aug23postBigRain_stndrdHeight575_30inTo60in,RAW_SW316_perpindicular_Aug23postBigRain_stndrdHeight575_30inTo60in.xlsx,1,4.964,8.17,112.5,40,0.356,3.432,1.478,60.6009,10.499,18.823,14.661,,,,,,,,,,,,,0,0,0,
ENCODER WORKED,Brundage 96,SW316,perpindicular_Aug23postBigRain_stndrdHeight575_60inTo90in,RAW_SW316_perpindicular_Aug23postBigRain_stndrdHeight575_60inTo90in.xlsx,1,4.964,8.17,112.5,40,0.356,6.381,2.388,96.1688,19.522,34.998,27.26,,,,,,,,,,,,,0,0,0,
ENCODER WORKED,Brundage 96,SW316,perpindicular_Aug23postBigRain_stndrdHeight575_90inTo120in,RAW_SW316_perpindicular_Aug23postBigRain_stndrdHeight575_90inTo120in.xlsx,1,4.964,8.17,112.5,40,0.356,1.468,0.542,22.8264,4.49,8.05,6.27,,,,,,,,,,,,,0,0,0,
ENCODER WORKED,Brundage 96,SW332,perpindicular_Aug23postBigRain_stndrdHeight350_0inTo30in,RAW_SW332_perpindicular_Aug23postBigRain_stndrdHeight350_0inTo30in.xlsx,1,2.714,5.33,76,40,0.526,3.378,1.07,47.1367,6.352,32.757,19.555,,,,,,,,,,,,,0,0,0,
ENCODER WORKED,Brundage 96,SW332,perpindicular_Aug23postBigRain_stndrdHeight350_120inTo150in,RAW_SW332_perpindicular_Aug23postBigRain_stndrdHeight350_120inTo150in.xlsx,1,2.714,5.33,76,40,0.526,2.202,0.609,26.797,4.14,21.348,12.744,,,,,,,,,,,,,0,0,0,
ENCODER WORKED,Brundage 96,SW332,perpindicular_Aug23postBigRain_stndrdHeight350_150inTo180in,RAW_SW332_perpindicular_Aug23postBigRain_stndrdHeight350_150inTo180in.xlsx,1,2.714,5.33,76,40,0.526,3.42,1.288,55.9572,6.43,33.159,19.795,,,,,,,,,,,,,0,0,0,
ENCODER WORKED,Brundage 96,SW332,perpindicular_Aug23postBigRain_stndrdHeight350_30inTo60in,RAW_SW332_perpindicular_Aug23postBigRain_stndrdHeight350_30inTo60in.xlsx,1,2.714,5.33,76,40,0.526,2.869,1.092,45.7467,5.395,27.819,16.607,,,,,,,,,,,,,0,0,0,
ENCODER WORKED,Brundage 96,SW332,perpindicular_Aug23postBigRain_stndrdHeight350_60inTo90in,RAW_SW332_perpindicular_Aug23postBigRain_stndrdHeight350_60inTo90in.xlsx,1,2.714,5.33,76,40,0.526,1.503,0.57,21.7741,2.827,14.576,8.702,,,,,,,,,,,,,0,0,0,
ENCODER WORKED,Brundage 96,SW332,perpindicular_Aug23postBigRain_stndrdHeight350_90inTo120in,RAW_SW332_perpindicular_Aug23postBigRain_stndrdHeight350_90inTo120in.xlsx,1,2.714,5.33,76,40,0.526,1.876,0.751,26.1047,3.529,18.195,10.862,,,,,,,,,,,,,0,0,0,
ENCODER WORKED,Brundage 96,SW416,perpindicular_Aug23postBigRain_stndrdHeight575_0inTo30in,RAW_SW416_perpindicular_Aug23postBigRain_stndrdHeight575_0inTo30in.xlsx,1,4.964,8.57,134,40,0.299,3.833,1.439,56.0104,9.727,19.642,14.684,,,,,,,,,,,,,0,0,0,
ENCODER WORKED,Brundage 96,SW416,perpindicular_Aug23postBigRain_stndrdHeight575_120inTo150in,RAW_SW416_perpindicular_Aug23postBigRain_stndrdHeight575_120inTo150in.xlsx,1,4.964,8.57,134,40,0.299,2.498,0.901,37.7569,6.34,12.803,9.572,,,,,,,,,,,,,0,0,0,
ENCODER WORKED,Brundage 96,SW416,perpindicular_Aug23postBigRain_stndrdHeight575_150inTo180in,RAW_SW416_perpindicular_Aug23postBigRain_stndrdHeight575_150inTo180in.xlsx,1,4.964,8.57,134,40,0.299,2.079,0.726,28.6644,5.276,10.654,7.965,,,,,,,,,,,,,0,0,0,
ENCODER WORKED,Brundage 96,SW416,perpindicular_Aug23postBigRain_stndrdHeight575_30inTo60in,RAW_SW416_perpindicular_Aug23postBigRain_stndrdHeight575_30inTo60in.xlsx,1,4.964,8.57,134,40,0.299,3.706,1.196,49.1638,9.403,18.989,14.196,,,,,,,,,,,,,0,0,0,
ENCODER WORKED,Brundage 96,SW416,perpindicular_Aug23postBigRain_stndrdHeight575_60inTo90in,RAW_SW416_perpindicular_Aug23postBigRain_stndrdHeight575_60inTo90in.xlsx,1,4.964,8.57,134,40,0.299,3.427,1.069,41.1506,8.695,17.559,13.127,,,,,,,,,,,,,0,0,0,
ENCODER WORKED,Brundage 96,SW416,perpindicular_Aug23postBigRain_stndrdHeight575_90inTo120in,RAW_SW416_perpindicular_Aug23postBigRain_stndrdHeight575_90inTo120in.xlsx,1,4.964,8.57,134,40,0.299,3.861,1.272,49.6232,9.798,19.787,14.792,,,,,,,,,,,,,0,0,0,
ENCODER WORKED,LCS Artdeco,SW126,perpindicular_Aug23postBigRain_stndrdHeight575_0inTo30in,RAW_SW126_perpindicular_Aug23postBigRain_stndrdHeight575_0inTo30in.xlsx,1,4.964,7.67,118.5,40,0.338,3.786,1.235,53.5104,11.679,17.754,14.717,,,,,,,,,,,,,0,0,0,
ENCODER WORKED,LCS Artdeco,SW126,perpindicular_Aug23postBigRain_stndrdHeight575_120inTo150in,RAW_SW126_perpindicular_Aug23postBigRain_stndrdHeight575_120inTo150in.xlsx,1,4.964,7.67,118.5,40,0.338,6.298,2.349,103.5116,19.426,29.531,24.479,,,,,,,,,,,,,0,0,0,
ENCODER WORKED,LCS Artdeco,SW126,perpindicular_Aug23postBigRain_stndrdHeight575_150inTo180in,RAW_SW126_perpindicular_Aug23postBigRain_stndrdHeight575_150inTo180in.xlsx,1,4.964,7.67,118.5,40,0.338,8.438,3.437,132.5681,26.027,39.565,32.796,,,,,,,,,,,,,0,0,0,
ENCODER WORKED,LCS Artdeco,SW126,perpindicular_Aug23postBigRain_stndrdHeight575_30inTo60in,RAW_SW126_perpindicular_Aug23postBigRain_stndrdHeight575_30inTo60in.xlsx,1,4.964,7.67,118.5,40,0.338,2.686,1.051,39.9836,8.285,12.595,10.44,,,,,,,,,,,,,0,0,0,
ENCODER WORKED,LCS Artdeco,SW126,perpindicular_Aug23postBigRain_stndrdHeight575_60inTo90in,RAW_SW126_perpindicular_Aug23postBigRain_stndrdHeight575_60inTo90in.xlsx,1,4.964,7.67,118.5,40,0.338,4.391,1.721,62.0144,13.543,20.588,17.066,,,,,,,,,,,,,0,0,0,
ENCODER WORKED,LCS Artdeco,SW126,perpindicular_Aug23postBigRain_stndrdHeight575_90inTo120in,RAW_SW126_perpindicular_Aug23postBigRain_stndrdHeight575_90inTo120in.xlsx,1,4.964,7.67,118.5,40,0.338,4.403,1.721,62.0144,13.581,20.645,17.113,,,,,,,,,,,,,0,0,0,
ENCODER WORKED,LCS Artdeco,SW203,perpindicular_Aug23postBigRain_stndrdHeight575_0inTo30in,RAW_SW203_perpindicular_Aug23postBigRain_stndrdHeight575_0inTo30in.xlsx,1,4.964,8.01,103.5,40,0.386,4.687,1.918,87.1083,15.679,27.083,21.381,,,,,,,,,,,,,0,0,0,
ENCODER WORKED,LCS Artdeco,SW203,perpindicular_Aug23postBigRain_stndrdHeight575_120inTo150in,RAW_SW203_perpindicular_Aug23postBigRain_stndrdHeight575_120inTo150in.xlsx,1,4.964,8.01,103.5,40,0.386,5.191,2.232,91.5252,17.366,29.996,23.681,,,,,,,,,,,,,0,0,0,
ENCODER WORKED,LCS Artdeco,SW203,perpindicular_Aug23postBigRain_stndrdHeight575_30inTo60in,RAW_SW203_perpindicular_Aug23postBigRain_stndrdHeight575_30inTo60in.xlsx,1,4.964,8.01,103.5,40,0.386,4.401,1.702,75.1605,14.723,25.432,20.077,,,,,,,,,,,,,0,0,0,
ENCODER WORKED,LCS Artdeco,SW203,perpindicular_Aug23postBigRain_stndrdHeight575_60inTo90in,RAW_SW203_perpindicular_Aug23postBigRain_stndrdHeight575_60inTo90in.xlsx,1,4.964,8.01,103.5,40,0.386,2.473,0.903,40.2917,8.273,14.29,11.281,,,,,,,,,,,,,0,0,0,
ENCODER WORKED,LCS Artdeco,SW203,perpindicular_Aug23postBigRain_stndrdHeight575_90inTo120in,RAW_SW203_perpindicular_Aug23postBigRain_stndrdHeight575_90inTo120in.xlsx,1,4.964,8.01,103.5,40,0.386,4.01,1.429,64.2666,13.414,23.17,18.292,,,,,,,,,,,,,0,0,0,
ENCODER WORKED,Nixon,SW116,perpindicular_Aug23postBigRain_stndrdHeight575_0inTo30in,RAW_SW116_perpindicular_Aug23postBigRain_stndrdHeight575_0inTo30in.xlsx,1,4.964,8.54,134,40,0.299,3.361,1.635,86.1775,8.545,17.159,12.852,,,,,,,,,,,,,0,0,0,
ENCODER WORKED,Nixon,SW116,perpindicular_Aug23postBigRain_stndrdHeight575_30inTo60in,RAW_SW116_perpindicular_Aug23postBigRain_stndrdHeight575_30inTo60in.xlsx,1,4.964,8.54,134,40,0.299,3.839,1.504,66.2583,9.76,19.598,14.679,,,,,,,,,,,,,0,0,0,
ENCODER WORKED,Nixon,SW116,perpindicular_Aug23postBigRain_stndrdHeight575_60inTo90in,RAW_SW116_perpindicular_Aug23postBigRain_stndrdHeight575_60inTo90in.xlsx,1,4.964,8.54,134,40,0.299,3.719,1.496,63.2326,9.455,18.986,14.22,,,,,,,,,,,,,0,0,0,
ENCODER WORKED,Nixon,SW116,perpindicular_Aug23postBigRain_stndrdHeight575_90inTo120in,RAW_SW116_perpindicular_Aug23postBigRain_stndrdHeight575_90inTo120in.xlsx,1,4.964,8.54,134,40,0.299,2.609,0.856,39.1048,6.633,13.32,9.977,,,,,,,,,,,,,0,0,0,
ENCODER WORKED,Nixon,SW204,perpindicular_Aug23postBigRain_stndrdHeight575_0inTo30in,RAW_SW204_perpindicular_Aug23postBigRain_stndrdHeight575_0inTo30in.xlsx,1,4.964,9.29,37.5,40,1.067,1.752,0.774,34.7593,12.676,51.001,31.839,,,,,,,,,,,,,0,0,0,
ENCODER WORKED,Nixon,SW204,perpindicular_Aug23postBigRain_stndrdHeight575_120inTo150in,RAW_SW204_perpindicular_Aug23postBigRain_stndrdHeight575_120inTo150in.xlsx,1,4.964,9.29,37.5,40,1.067,1.039,0.452,19.7178,7.519,30.253,18.886,,,,,,,,,,,,,0,0,0,
ENCODER WORKED,Nixon,SW204,perpindicular_Aug23postBigRain_stndrdHeight575_150inTo180in,RAW_SW204_perpindicular_Aug23postBigRain_stndrdHeight575_150inTo180in.xlsx,1,4.964,9.29,37.5,40,1.067,1.046,0.452,19.7178,7.569,30.452,19.01,,,,,,,,,,,,,0,0,0,
ENCODER WORKED,Nixon,SW204,perpindicular_Aug23postBigRain_stndrdHeight575_30inTo60in,RAW_SW204_perpindicular_Aug23postBigRain_stndrdHeight575_30inTo60in.xlsx,1,4.964,9.29,37.5,40,1.067,0.861,0.342,14.4981,6.231,25.071,15.651,,,,,,,,,,,,,0,0,0,
ENCODER WORKED,Nixon,SW204,perpindicular_Aug23postBigRain_stndrdHeight575_60inTo90in,RAW_SW204_perpindicular_Aug23postBigRain_stndrdHeight575_60inTo90in.xlsx,1,4.964,9.29,37.5,40,1.067,1.108,0.492,21.0607,8.017,32.255,20.136,,,,,,,,,,,,,0,0,0,
ENCODER WORKED,Nixon,SW204,perpindicular_Aug23postBigRain_stndrdHeight575_90inTo120in,RAW_SW204_perpindicular_Aug23postBigRain_stndrdHeight575_90inTo120in.xlsx,1,4.964,9.29,37.5,40,1.067,0.556,0.233,10.3707,4.024,16.19,10.107,,,,,,,,,,,,,0,0,0,
ENCODER WORKED,Nixon,SW427,perpindicular_Aug23postBigRain_stndrdHeight575_110inTo140in,RAW_SW427_perpindicular_Aug23postBigRain_stndrdHeight575_110inTo140in.xlsx,1,4.964,8.71,125,40,0.32,3.174,1.179,44.1882,8.46,18.367,13.414,,,,,,,,,,,,,0,0,0,
ENCODER WORKED,Nixon,SW427,perpindicular_Aug23postBigRain_stndrdHeight575_20inTo50in,RAW_SW427_perpindicular_Aug23postBigRain_stndrdHeight575_20inTo50in.xlsx,1,4.964,8.71,125,40,0.32,2.853,1.503,52.417,7.604,16.508,12.056,,,,,,,,,,,,,0,0,0,
ENCODER WORKED,Nixon,SW427,perpindicular_Aug23postBigRain_stndrdHeight575_70inTo100in,RAW_SW427_perpindicular_Aug23postBigRain_stndrdHeight575_70inTo100in.xlsx,1,4.964,8.71,125,40,0.32,2.462,1.18,40.9409,6.562,14.247,10.405,,,,,,,,,,,,,0,0,0,
ENCODER WORKED,Purl,SW104,perpindicular_Aug23postBigRain_stndrdHeight575_0inTo30in,RAW_SW104_perpindicular_Aug23postBigRain_stndrdHeight575_0inTo30in.xlsx,1,4.964,8.83,137.5,40,0.291,4.197,1.959,82.9639,10.216,23.05,16.633,,,,,,,,,,,,,0,0,0,
ENCODER WORKED,Purl,SW104,perpindicular_Aug23postBigRain_stndrdHeight575_120inTo150in,RAW_SW104_perpindicular_Aug23postBigRain_stndrdHeight575_120inTo150in.xlsx,1,4.964,8.83,137.5,40,0.291,4.304,2.11,75.8532,10.477,23.638,17.057,,,,,,,,,,,,,0,0,0,
ENCODER WORKED,Purl,SW104,perpindicular_Aug23postBigRain_stndrdHeight575_150inTo10in,RAW_SW104_perpindicular_Aug23postBigRain_stndrdHeight575_150inTo10in.xlsx,1,4.964,8.83,137.5,40,0.291,3.199,1.591,65.2471,7.787,17.569,12.678,,,,,,,,,,,,,0,0,0,
ENCODER WORKED,Purl,SW104,perpindicular_Aug23postBigRain_stndrdHeight575_30inTo60in,RAW_SW104_perpindicular_Aug23postBigRain_stndrdHeight575_30inTo60in.xlsx,1,4.964,8.83,137.5,40,0.291,5.068,2.318,99.4193,12.334,27.829,20.082,,,,,,,,,,,,,0,0,0,
ENCODER WORKED,Purl,SW104,perpindicular_Aug23postBigRain_stndrdHeight575_60inTo90in,RAW_SW104_perpindicular_Aug23postBigRain_stndrdHeight575_60inTo90in.xlsx,1,4.964,8.83,137.5,40,0.291,3.468,1.782,64.5447,8.442,19.046,13.744,,,,,,,,,,,,,0,0,0,
ENCODER WORKED,Purl,SW104,perpindicular_Aug23postBigRain_stndrdHeight575_90inTo120in,RAW_SW104_perpindicular_Aug23postBigRain_stndrdHeight575_90inTo120in.xlsx,1,4.964,8.83,137.5,40,0.291,3.852,1.349,57.6155,9.376,21.155,15.265,,,,,,,,,,,,,0,0,0,
ENCODER WORKED,Purl,SW226,perpindicular_Aug23postBigRain_stndrdHeight575_0inTo30in,RAW_SW226_perpindicular_Aug23postBigRain_stndrdHeight575_0inTo30in.xlsx,1,4.964,7.67,98,40,0.408,4.044,1.629,66.496,14.789,22.905,18.847,,,,,,,,,,,,,0,0,0,
ENCODER WORKED,Purl,SW226,perpindicular_Aug23postBigRain_stndrdHeight575_120inTo150in,RAW_SW226_perpindicular_Aug23postBigRain_stndrdHeight575_120inTo150in.xlsx,1,4.964,7.67,98,40,0.408,3.958,1.865,74.6225,14.477,22.421,18.449,,,,,,,,,,,,,0,0,0,
ENCODER WORKED,Purl,SW226,perpindicular_Aug23postBigRain_stndrdHeight575_150inTo180in,RAW_SW226_perpindicular_Aug23postBigRain_stndrdHeight575_150inTo180in.xlsx,1,4.964,7.67,98,40,0.408,5.375,2.111,83.7045,19.658,30.447,25.053,,,,,,,,,,,,,0,0,0,
ENCODER WORKED,Purl,SW226,perpindicular_Aug23postBigRain_stndrdHeight575_30inTo60in,RAW_SW226_perpindicular_Aug23postBigRain_stndrdHeight575_30inTo60in.xlsx,1,4.964,7.67,98,40,0.408,3.815,1.412,55.3488,13.954,21.612,17.783,,,,,,,,,,,,,0,0,0,
ENCODER WORKED,Purl,SW226,perpindicular_Aug23postBigRain_stndrdHeight575_60inTo90in,RAW_SW226_perpindicular_Aug23postBigRain_stndrdHeight575_60inTo90in.xlsx,1,4.964,7.67,98,40,0.408,3.427,1.082,41.1377,12.534,19.413,15.974,,,,,,,,,,,,,0,0,0,
ENCODER WORKED,Purl,SW226,perpindicular_Aug23postBigRain_stndrdHeight575_90inTo120in,RAW_SW226_perpindicular_Aug23postBigRain_stndrdHeight575_90inTo120in.xlsx,1,4.964,7.67,98,40,0.408,4.137,1.747,71.9525,15.13,23.433,19.282,,,,,,,,,,,,,0,0,0,
ENCODER WORKED,Purl,SW334,perpindicular_Aug23postBigRain_stndrdHeight575_0inTo30in,RAW_SW334_perpindicular_Aug23postBigRain_stndrdHeight575_0inTo30in.xlsx,1,4.964,8.67,104,40,0.385,1.64,0.435,16.3708,5.128,11.393,8.26,,,,,,,,,,,,,0,0,0,
ENCODER WORKED,Purl,SW334,perpindicular_Aug23postBigRain_stndrdHeight575_150inTo180in,RAW_SW334_perpindicular_Aug23postBigRain_stndrdHeight575_150inTo180in.xlsx,1,4.964,8.67,104,40,0.385,4.509,1.917,83.2563,14.096,31.32,22.708,,,,,,,,,,,,,0,0,0,
ENCODER WORKED,Purl,SW334,perpindicular_Aug23postBigRain_stndrdHeight575_30inTo60in,RAW_SW334_perpindicular_Aug23postBigRain_stndrdHeight575_30inTo60in.xlsx,1,4.964,8.67,104,40,0.385,1.845,0.659,26.9748,5.769,12.817,9.293,,,,,,,,,,,,,0,0,0,
ENCODER WORKED,Purl,SW334,perpindicular_Aug23postBigRain_stndrdHeight575_60inTo90in,RAW_SW334_perpindicular_Aug23postBigRain_stndrdHeight575_60inTo90in.xlsx,1,4.964,8.67,104,40,0.385,3.82,1.803,71.7998,11.945,26.54,19.242,,,,,,,,,,,,,0,0,0,
ENCODER WORKED,Purl,SW334,perpindicular_Aug23postBigRain_stndrdHeight575_90inTo120in,RAW_SW334_perpindicular_Aug23postBigRain_stndrdHeight575_90inTo120in.xlsx,1,4.964,8.67,104,40,0.385,2.894,1.042,41.6077,9.047,20.101,14.574,,,,,,,,,,,,,0,0,0,
ENCODER WORKED,Purl,SW429,perpindicular_Aug23postBigRain_stndrdHeight575_110inTo140in,RAW_SW429_perpindicular_Aug23postBigRain_stndrdHeight575_110inTo140in.xlsx,1,4.964,8.58,72,40,0.556,3.949,2.025,87.7683,17.091,39.231,28.161,,,,,,,,,,,,,0,0,0,
ENCODER WORKED,Purl,SW429,perpindicular_Aug23postBigRain_stndrdHeight575_140inTo170in,RAW_SW429_perpindicular_Aug23postBigRain_stndrdHeight575_140inTo170in.xlsx,1,4.964,8.58,72,40,0.556,4.81,2.266,103.9444,20.818,47.785,34.302,,,,,,,,,,,,,0,0,0,
ENCODER WORKED,Purl,SW429,perpindicular_Aug23postBigRain_stndrdHeight575_20inTo50in,RAW_SW429_perpindicular_Aug23postBigRain_stndrdHeight575_20inTo50in.xlsx,1,4.964,8.58,72,40,0.556,7.5,3.399,154.0748,32.461,74.512,53.487,,,,,,,,,,,,,0,0,0,
ENCODER WORKED,Purl,SW429,perpindicular_Aug23postBigRain_stndrdHeight575_50inTo80in,RAW_SW429_perpindicular_Aug23postBigRain_stndrdHeight575_50inTo80in.xlsx,1,4.964,8.58,72,40,0.556,3.804,1.845,65.8443,16.465,37.793,27.129,,,,,,,,,,,,,0,0,0,
ENCODER WORKED,Purl,SW429,perpindicular_Aug23postBigRain_stndrdHeight575_80inTo110in,RAW_SW429_perpindicular_Aug23postBigRain_stndrdHeight575_80inTo110in.xlsx,1,4.964,8.58,72,40,0.556,5.036,2.519,96.6944,21.799,50.037,35.918,,,,,,,,,,,,,0,0,0,
